-- MySQL dump 10.13  Distrib 8.0.33, for Win64 (x86_64)
--
-- Host: localhost    Database: watch_movie_online
-- ------------------------------------------------------
-- Server version	8.0.33

/*!40101 SET @OLD_CHARACTER_SET_CLIENT=@@CHARACTER_SET_CLIENT */;
/*!40101 SET @OLD_CHARACTER_SET_RESULTS=@@CHARACTER_SET_RESULTS */;
/*!40101 SET @OLD_COLLATION_CONNECTION=@@COLLATION_CONNECTION */;
/*!50503 SET NAMES utf8 */;
/*!40103 SET @OLD_TIME_ZONE=@@TIME_ZONE */;
/*!40103 SET TIME_ZONE='+00:00' */;
/*!40014 SET @OLD_UNIQUE_CHECKS=@@UNIQUE_CHECKS, UNIQUE_CHECKS=0 */;
/*!40014 SET @OLD_FOREIGN_KEY_CHECKS=@@FOREIGN_KEY_CHECKS, FOREIGN_KEY_CHECKS=0 */;
/*!40101 SET @OLD_SQL_MODE=@@SQL_MODE, SQL_MODE='NO_AUTO_VALUE_ON_ZERO' */;
/*!40111 SET @OLD_SQL_NOTES=@@SQL_NOTES, SQL_NOTES=0 */;

--
-- Table structure for table `account`
--

DROP TABLE IF EXISTS `account`;
/*!40101 SET @saved_cs_client     = @@character_set_client */;
/*!50503 SET character_set_client = utf8mb4 */;
CREATE TABLE `account` (
  `id` bigint NOT NULL AUTO_INCREMENT,
  `name_account` varchar(255) DEFAULT NULL,
  `password` varchar(255) DEFAULT NULL,
  `role_id` bigint DEFAULT NULL,
  PRIMARY KEY (`id`),
  KEY `FKd4vb66o896tay3yy52oqxr9w0` (`role_id`)
) ENGINE=MyISAM AUTO_INCREMENT=8 DEFAULT CHARSET=utf8mb4 COLLATE=utf8mb4_0900_ai_ci;
/*!40101 SET character_set_client = @saved_cs_client */;

--
-- Dumping data for table `account`
--

LOCK TABLES `account` WRITE;
/*!40000 ALTER TABLE `account` DISABLE KEYS */;
INSERT INTO `account` VALUES (1,'sieuem2002@gmail.com','$2a$10$sl3eyofgbTOI8lvTMioAreQdJs.96zc/Z64oOAx9P43QYkHXChb02',1),(2,'sieuem2003@gmail.com','$2a$10$syFeqbem4UR13xLaTmWWCujzXmH6WmwbYc0N1J23JS0VnTAQbkmcy',1),(3,'sieuem2004@gmail.com','$2a$10$17n8MtMBYqC03Qnq0J3.G.mXcSdQokiEVTQppDblhE3cCWmiIF7bG',1),(4,'sieuem2009@gmail.com','$2a$10$NsBgHQVRA8pOxx9KGe1sEOahTZQH8y4dtXPo3FcP4O3ewqE.Gk7/6',1),(5,'sieuem2013@gmail.com','$2a$10$HHHzE4yK0bRhsjTMCCaPL.3gt3hi9MqWc6lqw349WtBYudxJKXW2C',1),(6,'sieuem2012@gmail.com','$2a$10$7Xz5MbuLt/om7JrE9aV/7.4PU0Hby9FHFLbiY82ReGPLHWu5ulnVS',1),(7,'sieuem20@gmail.com','$2a$10$dzr1Au3uM1KJOhlZT1OxfOYQ6JPcRH3/wvsiHcKoE30g4tzriTf4i',1);
/*!40000 ALTER TABLE `account` ENABLE KEYS */;
UNLOCK TABLES;

--
-- Table structure for table `actor`
--

DROP TABLE IF EXISTS `actor`;
/*!40101 SET @saved_cs_client     = @@character_set_client */;
/*!50503 SET character_set_client = utf8mb4 */;
CREATE TABLE `actor` (
  `id` bigint NOT NULL AUTO_INCREMENT,
  `name` varchar(255) DEFAULT NULL,
  PRIMARY KEY (`id`)
) ENGINE=MyISAM AUTO_INCREMENT=132 DEFAULT CHARSET=utf8mb4 COLLATE=utf8mb4_0900_ai_ci;
/*!40101 SET character_set_client = @saved_cs_client */;

--
-- Dumping data for table `actor`
--

LOCK TABLES `actor` WRITE;
/*!40000 ALTER TABLE `actor` DISABLE KEYS */;
INSERT INTO `actor` VALUES (1,'Tiêu Chiến'),(2,'Bạch Bách Hà'),(3,'Điền Vũ'),(4,'Chu Châu'),(5,'Nghê Ni'),(6,'Bạch Vũ'),(7,'Mạnh Tử Nghĩa'),(8,'Lý Quân Nhuệ'),(9,'Hạ Mộng'),(10,'Lư Dục Hiểu'),(11,'Gerard Butler'),(12,'Navid Negahban'),(13,'Travis Fimmel'),(14,'Ali Fazal'),(15,'Bahador Foladi'),(16,'Olivia-Mai Barrett'),(17,'Rebecca Calder'),(18,'Nina Toussaint-White'),(19,'Tom Rhys Harries'),(20,'Vassilis Koukalani'),(21,'Park Seo Jun'),(22,'Ha-seon Park'),(23,'Dong-il Sung'),(24,'Go Joon'),(25,' Sol Kyung-gu'),(26,'Doh Kyung-soo'),(27,'Kim Hee-ae'),(28,'Park Byung-eun'),(29,'Jo Han-chul'),(30,'Choi Byung-mo'),(31,'Hong Seung-hee'),(32,'Lee Sung-min'),(33,'Kim Rae-won'),(34,'Lee Yi-kyung'),(35,'Tiffany Grey'),(36,'Jiad Arroyo'),(37,' Robb Guinto'),(38,' Odette Khan'),(39,' Calvin Reyes'),(40,'Jess Evardone'),(41,'Joaquim Dos Santos'),(42,'Justin K. Thompson'),(43,'Kemp Powers'),(44,'Lee Wan'),(45,'Yun Songa'),(46,'Im Jung eun'),(47,'Ngu Thư Hân'),(48,'Trương Lăng Hách'),(49,'Uông Đạc'),(50,'Từ Lộ'),(51,'Ngô Hi Trạch'),(52,'Vương Dĩ Luân'),(53,'Trương Sở Hàn'),(54,'Lý Trác Chiêu'),(55,'Triệu Chí Vỹ'),(56,'Âu Hào'),(57,'Trương Huệ Văn'),(58,'Vương Nghệ Triết'),(59,'Nhậm Hựu Luân'),(60,'Namkoong Min'),(61,'Ahn Eun Jin'),(62,'Lee Hak Joo'),(63,'Lee Da In'),(64,'Kim Seo An'),(65,'Kim Yoon Woo'),(66,'Cảnh Điềm'),(67,'Phùng Thiệu Phong'),(68,'Vương Lệ Khôn'),(69,'Chu Dực Nhiên'),(70,'Từ Hải Kiều'),(71,'Điền Hi Vi'),(72,'Ngao Thụy Bằng'),(73,'Triệu Thuận Nhiên'),(74,'Bạch Băng Khả'),(75,'Chiến Vũ'),(76,'Đinh Nhất Nhất'),(77,'Quyên Tử'),(78,'Quyền Bái Luân Phổ Siêu Anh'),(79,'Trương Uyển Phương'),(80,'Trương Dương'),(81,'Vương Giai Tuyền'),(82,'Lý Ngọc'),(83,'Lý Nhã N'),(84,'Phương Dật Luân'),(85,'Lưu Lệnh Tư'),(86,'Mã Văn Viễn'),(87,'Tô Hiểu Đồng'),(88,'Phùng Minh Triều'),(89,'Đới Yến Ny'),(90,'Kiton'),(91,'Chen Ye Lin'),(92,'Li Meng Meng'),(93,'Triệu Bản Sơn'),(94,'Tống Tiểu Bảo'),(95,'Trần Triết Viễn'),(96,'Ngô Tuyên Nghi'),(97,'Zhang Zhixi'),(98,'Joe'),(99,'Kristian Bruun'),(100,'Katie Douglas'),(101,'Cara Buono'),(102,'Nicky Whelan'),(103,'Casper Van Dien'),(104,'Louis Mandylor'),(105,'Kakazu Yumi'),(106,'Subaru Kimura'),(107,'Tomokazu Seki'),(108,'Megumi Oohara'),(109,'Wasabi Mizuta'),(110,'SUJUNHE'),(111,'Xing Han Qing'),(112,'Chen Ye Ling'),(113,'Zhang Xin Yuan'),(125,'Corey Hawkins'),(115,'Haruka Tomatsu'),(116,'Yoshitsugu Matsuoka'),(117,'Inori Minase'),(118,'Shiori Izawa'),(119,'Hiroki Yasumoto'),(120,'Tomokazu Seki'),(121,'Kaede Hondo'),(122,'Yuusuke Nagano'),(123,'Takeo Otsuka'),(124,'Shinya Takahashi'),(126,'Aisling Franciosi'),(127,'Liam Cunningham'),(128,'David Dastmalchian'),(129,'Ari McCarthy'),(130,'Hamish Phillips'),(131,'Kit Erhart-Bruce');
/*!40000 ALTER TABLE `actor` ENABLE KEYS */;
UNLOCK TABLES;

--
-- Table structure for table `author`
--

DROP TABLE IF EXISTS `author`;
/*!40101 SET @saved_cs_client     = @@character_set_client */;
/*!50503 SET character_set_client = utf8mb4 */;
CREATE TABLE `author` (
  `id` bigint NOT NULL AUTO_INCREMENT,
  `name` varchar(255) DEFAULT NULL,
  PRIMARY KEY (`id`)
) ENGINE=MyISAM AUTO_INCREMENT=50 DEFAULT CHARSET=utf8mb4 COLLATE=utf8mb4_0900_ai_ci;
/*!40101 SET character_set_client = @saved_cs_client */;

--
-- Dumping data for table `author`
--

LOCK TABLES `author` WRITE;
/*!40000 ALTER TABLE `author` DISABLE KEYS */;
INSERT INTO `author` VALUES (1,'Quách Kính Minh'),(2,'Derek Hui'),(3,'Konosuke Uda'),(4,'Munehisa Sakai'),(5,'Mamoru Hosoda'),(6,'Ninew Pinya Chookamsri'),(23,'Đang cập nhật'),(24,'Louie Ignacio'),(25,'Joaquim Dos Santos'),(26,'Kemp Powers'),(27,'Justin K. Thompson'),(31,'Edward Guo'),(30,'Kim Hee seong'),(21,'Ric Roman Waugh'),(22,'Kim Joo-Hwan'),(32,'Mộng Đại Anh'),(33,'Kim Sung Yong'),(34,'Văn Đức Quang'),(35,'Trình Phong'),(36,'Lý Tiểu Giang'),(37,'Huang Yi'),(38,'Zhao Xia'),(39,'Simone Stock'),(40,'Brandon Slagle'),(41,'Kazuaki Imai'),(42,'Eason Wen'),(43,'Ayako Kono'),(44,'Vương Quân'),(45,'Tống Tiểu Phi'),(46,'Kim Joo-Hwan'),(47,'André Øvredal'),(48,'Danny Philippou'),(49,'Michael Philippou');
/*!40000 ALTER TABLE `author` ENABLE KEYS */;
UNLOCK TABLES;

--
-- Table structure for table `category`
--

DROP TABLE IF EXISTS `category`;
/*!40101 SET @saved_cs_client     = @@character_set_client */;
/*!50503 SET character_set_client = utf8mb4 */;
CREATE TABLE `category` (
  `id` bigint NOT NULL AUTO_INCREMENT,
  `name` varchar(255) DEFAULT NULL,
  PRIMARY KEY (`id`)
) ENGINE=MyISAM AUTO_INCREMENT=20 DEFAULT CHARSET=utf8mb4 COLLATE=utf8mb4_0900_ai_ci;
/*!40101 SET character_set_client = @saved_cs_client */;

--
-- Dumping data for table `category`
--

LOCK TABLES `category` WRITE;
/*!40000 ALTER TABLE `category` DISABLE KEYS */;
INSERT INTO `category` VALUES (1,'Cổ Trang-Thần Thoại'),(2,'Võ Thuật-Kiếm Hiệp'),(3,'Phiêu Lưu-Hành Động'),(4,'Tâm Lý-Tình Cảm'),(5,'Hoạt Hình'),(6,'Khoa Học-Viễn Tưởng'),(7,'Hình Sự-Chiến Tranh'),(8,'Tài Liệu-Khám Phá'),(9,'Văn Hóa-Tâm Linh'),(10,'Hài Hước'),(11,'Thể Thao-Âm Nhạc'),(12,'Kinh Dị-Ma'),(13,'Gia Đình-Học Đường'),(14,'TV-Show'),(15,'Phim Chiếu Rạp'),(16,'Bí Ẩn-Siêu Nhiên'),(17,'Thuyết Minh'),(18,'Lồng Tiếng');
/*!40000 ALTER TABLE `category` ENABLE KEYS */;
UNLOCK TABLES;

--
-- Table structure for table `customer`
--

DROP TABLE IF EXISTS `customer`;
/*!40101 SET @saved_cs_client     = @@character_set_client */;
/*!50503 SET character_set_client = utf8mb4 */;
CREATE TABLE `customer` (
  `id` bigint NOT NULL AUTO_INCREMENT,
  `email` varchar(255) DEFAULT NULL,
  `account_id` bigint DEFAULT NULL,
  PRIMARY KEY (`id`),
  KEY `FKn9x2k8svpxj3r328iy1rpur83` (`account_id`)
) ENGINE=MyISAM AUTO_INCREMENT=8 DEFAULT CHARSET=utf8mb4 COLLATE=utf8mb4_0900_ai_ci;
/*!40101 SET character_set_client = @saved_cs_client */;

--
-- Dumping data for table `customer`
--

LOCK TABLES `customer` WRITE;
/*!40000 ALTER TABLE `customer` DISABLE KEYS */;
INSERT INTO `customer` VALUES (1,'sieuem2002@gmail.com',1),(2,'sieuem2003@gmail.com',2),(3,'sieuem2004@gmail.com',3),(4,'sieuem2009@gmail.com',4),(5,'sieuem2013@gmail.com',5),(6,'sieuem2012@gmail.com',6),(7,'sieuem20@gmail.com',7);
/*!40000 ALTER TABLE `customer` ENABLE KEYS */;
UNLOCK TABLES;

--
-- Table structure for table `history`
--

DROP TABLE IF EXISTS `history`;
/*!40101 SET @saved_cs_client     = @@character_set_client */;
/*!50503 SET character_set_client = utf8mb4 */;
CREATE TABLE `history` (
  `id` bigint NOT NULL AUTO_INCREMENT,
  `day_end` varchar(255) DEFAULT NULL,
  `day_start` varchar(255) DEFAULT NULL,
  `account_id` bigint DEFAULT NULL,
  `packed_movie_id` bigint DEFAULT NULL,
  `flag` bit(1) NOT NULL,
  PRIMARY KEY (`id`),
  KEY `FK2mpn4nxqqsu7euii4hwhbjeg8` (`account_id`),
  KEY `FK2d2mhocg4morug29mv904y2c6` (`packed_movie_id`)
) ENGINE=MyISAM AUTO_INCREMENT=31 DEFAULT CHARSET=utf8mb4 COLLATE=utf8mb4_0900_ai_ci;
/*!40101 SET character_set_client = @saved_cs_client */;

--
-- Dumping data for table `history`
--

LOCK TABLES `history` WRITE;
/*!40000 ALTER TABLE `history` DISABLE KEYS */;
INSERT INTO `history` VALUES (29,'2023-10-22 11:17','2023-09-22 11:17',1,3,_binary ''),(30,'2023-12-22 11:31','2023-09-22 11:31',4,2,_binary '');
/*!40000 ALTER TABLE `history` ENABLE KEYS */;
UNLOCK TABLES;

--
-- Table structure for table `movie`
--

DROP TABLE IF EXISTS `movie`;
/*!40101 SET @saved_cs_client     = @@character_set_client */;
/*!50503 SET character_set_client = utf8mb4 */;
CREATE TABLE `movie` (
  `id` bigint NOT NULL AUTO_INCREMENT,
  `description` longtext,
  `img` longtext,
  `name` varchar(255) DEFAULT NULL,
  `other_name` varchar(255) DEFAULT NULL,
  `status_movie` bit(1) NOT NULL,
  `time_end_movie` varchar(255) DEFAULT NULL,
  `time_post` varchar(255) DEFAULT NULL,
  `view` int NOT NULL,
  `year_start` varchar(255) DEFAULT NULL,
  `nation_id` bigint DEFAULT NULL,
  `video` longtext,
  `trailer` varchar(255) DEFAULT NULL,
  PRIMARY KEY (`id`),
  KEY `FKnwp38qhras6o260ipvc7lgx2h` (`nation_id`)
) ENGINE=MyISAM AUTO_INCREMENT=27 DEFAULT CHARSET=utf8mb4 COLLATE=utf8mb4_0900_ai_ci;
/*!40101 SET character_set_client = @saved_cs_client */;

--
-- Dumping data for table `movie`
--

LOCK TABLES `movie` WRITE;
/*!40000 ALTER TABLE `movie` DISABLE KEYS */;
INSERT INTO `movie` VALUES (1,'Yêu Tinh The Goblin 2022 Full HD Vietsub Thuyết Minh Doo Hyeon, người có biệt danh là \"Yêu tinh\", vào tù vì nhận tội thay cho Yeong Min, kẻ đã giết ông chủ của họ. Được trả tự do sau 10 năm, Doo Hyeon vẫn sống một cuộc sống bình thường cho đến khi anh phát hiện ra Yeong Min đã lợi dụng danh nghĩa \"Yêu tinh\" của mình. Yeong Min đi xa đến mức bắt cóc con gái của Doo Hyeon để bịt miệng. Quá tức giận, Doo Hyeon tìm cách trả thù và thông báo về sự trở lại của \"Yêu tinh\" thực sự','https://i.mydramalist.com/xe6D0_4f.jpg','Yêu Tinh','The Goblin (2022)',_binary '\0','1 giờ 26 phút','2023-09-12',1,'2022',3,'https://firebasestorage.googleapis.com/v0/b/movie-online-2dcb1.appspot.com/o/movie%2FY%C3%AAu%20Tinh%20-%20T%E1%BA%ADp%20Full.mp4?alt=media&token=3dcce037-c6c7-4fe9-a727-4c89194d7c46','https://firebasestorage.googleapis.com/v0/b/movie-online-2dcb1.appspot.com/o/trailer-movie%2FThe%20Goblin%20(2022)%20%ED%94%BC%EB%8A%94%20%EB%AC%BC%EB%B3%B4%EB%8B%A4%20%EC%A7%84%ED%95%98%EB%8B%A4%20Movie%20Trailer%20-%20EONTALK.mp4?alt=media&token=fa728e5'),(2,'Vân Chi Vũ My Journey to You 2023 Full HD Vietsub Thuyết Minh là một bộ phim cổ trang huyền thoại do Quách Kính Minh đạo diễn, với sự tham gia của các diễn viên Ngu Thư Hân, Trương Lăng Hách, Trần Đô Linh và Tăng Khả Ny. Bộ phim kể về câu chuyện của thích khách mong muốn tự do Vũ Vị Sam (Ngu Thư Hân thủ vai) phải thâm nhập hoàng cung để hoàn thành nhiệm vụ. Trong chốn cung cấm đầy hiểm nguy, cô gặp tình yêu, tình bạn, tìm kiếm bản thân, kiên định hướng đi, và trưởng thành cùng với Tử Vũ - chàng điện hạ ương bướng (Trương Lăng Hách thủ vai).','https://i.mpcdn.top/c/wG3aPK4/van-chi-vu.jpg?1694344433','Vân Chi Vũ','My Journey to You (2023)',_binary '\0','1 giờ 26 phút','2023-09-13',1,'2023',2,'https://firebasestorage.googleapis.com/v0/b/movie-online-2dcb1.appspot.com/o/movie%2FNg%C6%B0%E1%BB%9Di%20Nh%E1%BB%87n-%20Du%20H%C3%A0nh%20V%C5%A9%20Tr%E1%BB%A5%20Nh%E1%BB%87n%20-%20T%E1%BA%ADp%20Full.mp4?alt=media&token=f3faef63-ed16-4554-b892-5ec5567647fa','https://firebasestorage.googleapis.com/v0/b/movie-online-2dcb1.appspot.com/o/trailer-movie%2FOfficial%20Trailer%23EstherYu%20%26%20%23ZhangLinghe%20-%20My%20Journey%20To%20You%20-%20iQIYI%20Romance.mp4?alt=media&token=6a977759-7475-45bf-ab0e-bf421bd78770'),(3,'Thiếu Nữ Lưu Lạc Giang Hồ Egg and Stone 2023 Full HD Vietsub Thuyết Minh Bộ phim mang đến câu chuyện về cuộc sống khó khăn và đau khổ của một cô gái trẻ tên là Tiểu Vân trong một thị trấn nông thôn. Cô phải đối mặt với sự bạo lực, lạm dụng và sự thiếu thốn trong gia đình. Tuy nhiên, bằng sự kiên nhẫn và tinh thần mạnh mẽ, cô dần tìm thấy sự tự do và hy vọng trong cuộc sống.\nkhông chỉ là một bộ phim đầy cảm xúc, mà còn là một tác phẩm nghệ thuật tinh tế. Với cốt truyện sâu sắc và hình ảnh tươi sáng, bộ phim hứa hẹn sẽ chạm đến lòng của khán giả và thúc đẩy họ suy ngẫm về những vấn đề xã hội như bạo lực gia đình và bất công xã hội. Với sự tham gia của dàn diễn viên tài năng và đạo diễn tài ba, \"Thiếu Nữ Lưu Lạc Giang Hồ\" hứa hẹn sẽ là một tác phẩm đáng chú ý trong năm 2023.','https://i.mpcdn.top/c/Mg0Qd6d/thieu-nu-luu-lac-giang-ho.jpg?1694321505','Thiếu nữ phiêu bạc giang hồ','Egg and Stone (2023)',_binary '\0','1 giờ','2023-09-18',1,'2023',2,'https://firebasestorage.googleapis.com/v0/b/movie-online-2dcb1.appspot.com/o/movie%2FNg%C6%B0%E1%BB%9Di%20Nh%E1%BB%87n-%20Du%20H%C3%A0nh%20V%C5%A9%20Tr%E1%BB%A5%20Nh%E1%BB%87n%20-%20T%E1%BA%ADp%20Full.mp4?alt=media&token=f3faef63-ed16-4554-b892-5ec5567647fa','https://firebasestorage.googleapis.com/v0/b/movie-online-2dcb1.appspot.com/o/trailer-movie%2F%E6%96%B0%E5%89%A7%E9%A2%84%E5%91%8A%20Trailer%E5%B0%91%E5%B9%B4%E6%B1%9F%E6%B9%96%20Wanru\'s%20Journey%E4%B8%A8%E6%95%96%E7%91%9E%E9%B9%8F%E9%82%93%E8%B6%85%E5%85'),(4,'Bộ phim Đêm Trước - The Eve thuộc thể loại phim Tình Cảm của Trung Quốc. Bộ phim Đêm Trước (The Eve) nói về thành viên của một bang hội tên Lâm Tích, người đã trà trộn tại bến tàu và bị cuốn vào cuộc chiến tình báo giữa quân thống và giặc Nhật xâm lược.','https://i.mpcdn.top/c/V7JrKG0/dem-truoc.jpg?1694262399','Đêm Trước','The Eve (2023)',_binary '\0','1 giờ','2023-09-19',2,'2023',2,'https://firebasestorage.googleapis.com/v0/b/movie-online-2dcb1.appspot.com/o/movie%2FNg%C6%B0%E1%BB%9Di%20Nh%E1%BB%87n-%20Du%20H%C3%A0nh%20V%C5%A9%20Tr%E1%BB%A5%20Nh%E1%BB%87n%20-%20T%E1%BA%ADp%20Full.mp4?alt=media&token=f3faef63-ed16-4554-b892-5ec5567647fa','https://firebasestorage.googleapis.com/v0/b/movie-online-2dcb1.appspot.com/o/trailer-movie%2FEP01-04%20Trailer-%20Two%20brides%20accidentally%20married%20the%20wrong%20groom%20-%20Wrong%20Carriage%20Right%20Groom%20-YOUKU.mp4?alt=media&token=8281962f-9f69'),(5,'Người Yêu Dấu My Dearest 2023 Full HD Vietsub Thuyết Minh Trong thời kỳ Joseon, khi cuộc xâm lược của nhà Thanh đổ bộ dẫn đến thảm họa Byeongja Horan, một câu chuyện tình yêu đầy bi kịch nở rộ giữa Yu Gil Chae và Lee Jang Hyun.\nYu Gil Chae, người phụ nữ được giáo dục trong một gia đình quý tộc, tự hào và kiêu ngạo với lòng tự tin rằng trái tim của tất cả đàn ông thuộc về cô. Tuy nhiên, cơn bão chiến tranh đã thay đổi mọi thứ, biến cô thành một người thực sự yêu thương và hiểu biết về đau khổ.\nLee Jang Hyun, một người đàn ông bí ẩn và đầy bất ngờ, xuất hiện trong ngôi làng Neunggun-ri. Anh ta mang trên mình nhiều bí mật, với tâm hồn bao phủ bởi bóng tối. Mặc dù vậy, tính cách vui tươi tự nhiên của anh đã giúp anh tạo dựng một mối quan hệ không ngờ với Yu Gil Chae.\nTrước sự khắc nghiệt của thời gian và biến cố, tình yêu giữa họ bắt đầu nảy nở. Câu chuyện của họ trở nên phức tạp hơn bao giờ hết khi họ phải đối mặt với cuộc sống đầy gian nan và sự đe dọa từ cuộc xâm lược. Từ những khó khăn và biến cố, tình yêu của Yu Gil Chae và Lee Jang Hyun không chỉ thay đổi họ mà còn ảnh hưởng đến vận mệnh của cả quốc gia.','https://i.mpcdn.top/c/XAap1wY/nguoi-yeu-dau.jpg?1694192937','Người yêu dấu','My Dearest (2023)',_binary '\0','1 giờ','2023-09-20',1,'2023',2,'https://firebasestorage.googleapis.com/v0/b/movie-online-2dcb1.appspot.com/o/movie%2FNg%C6%B0%E1%BB%9Di%20Y%C3%AAu%20D%E1%BA%A5u%20-%20T%E1%BA%ADp%201.mp4?alt=media&token=dcbc91a1-7c4a-401b-8f35-0ef7aa1db8a7','https://firebasestorage.googleapis.com/v0/b/movie-online-2dcb1.appspot.com/o/trailer-movie%2FMy%20Dearest%20-%20Lovers%20-%20Official%20Trailer%20-%20New%20Korean%20Drama%202023%20%23Koreandrama%20%23MyDearest%20%23Lovers.mp4?alt=media&token=c1146e2b-27e8'),(6,'Chước Chước Phong Lưu The Legend of Zhuohua 2023 Full HD Vietsub Thuyết Minh cốt truyện tập trung vào cuộc sống đầy sự nhiệt huyết của nhân vật chính, Chước Chước - một võ sĩ trẻ tuổi với tài năng đáng kinh ngạc. Được đưa vào một cuộc hành trình phiêu lưu đầy cam go và khó khăn, anh bắt đầu hành trình để bảo vệ những người yếu thế và chống lại những thế lực xấu xa đang âm mưu gây hại. Sự tham gia của các diễn viên tài năng và danh tiếng thêm phần làm tăng thêm sức hấp dẫn cho bộ phim này, hứa hẹn sẽ mang đến những pha hành động kịch tính và những trận đấu võ thuật đỉnh cao. Khán giả có thể mong đợi những cảnh quay mãn nhãn cùng những trải nghiệm đầy cảm xúc từ tác phẩm này.','https://i.mpcdn.top/c/R2Dwp0b/chuoc-chuoc-phong-luu.jpg?1694090856','Chước Chước phong lưu','The Legend of Zhuohua (2023)',_binary '\0','1 giờ','2023-09-20',100009,'2023',2,'https://firebasestorage.googleapis.com/v0/b/movie-online-2dcb1.appspot.com/o/movie%2FCh%C6%B0%E1%BB%9Bc%20Ch%C6%B0%E1%BB%9Bc%20Phong%20L%C6%B0u%20-%20T%E1%BA%ADp%201.mp4?alt=media&token=c69b0edb-4b00-47ad-b9bd-277696788403','https://firebasestorage.googleapis.com/v0/b/movie-online-2dcb1.appspot.com/o/trailer-movie%2FThe%20Legend%20of%20Zhuohua%20-Official%20Trailer%20%5BEng%20Sub%5D%20-New%20ChineseDrama%202023%20%23cdrama%20%23TheLegendofZhuohua.mp4?alt=media&token=25dc396d-'),(7,'Tân Lên Nhầm Kiệu Hoa Được Chồng Như Ý Wrong Carriage Right Groom 2023 Full HD Vietsub Thuyết Minh \"Tân Lên Nhầm Kiệu Hoa Được Chồng Như Ý\" là câu chuyện về một cô gái bình thường bị nhận nhầm danh xưng của một cô dâu khác và bị ép buộc kết hôn với một người đàn ông mà cô không hề mong muốn. Ban đầu, cô chỉ tìm cách thoát khỏi tình huống khó khăn này, nhưng dần dần cô phát hiện ra rằng người chồng mình là một người đàn ông tốt bụng và dịu dàng.\nQua những tình huống hài hước và khó đỡ, cô gái bắt đầu cảm nhận những trăn trở riêng của người chồng và thấy được sự chân thành của anh ta. Từ việc tưởng chừng như không thể ưa thích được, cô dần dần thay đổi cách nhìn và dấn thân vào cuộc sống hôn nhân cùng anh. Tuy nhiên, cuộc hôn nhân của họ không thiếu những thử thách và trở ngại. Họ phải đối mặt với sự hiểu lầm từ gia đình và bạn bè, cũng như vượt qua những khó khăn trong việc thích ứng và hiểu nhau.\nBằng cách kết hợp tình cảm và hài hước, bộ phim hứa hẹn mang đến cho khán giả những giây phút giải trí thú vị và sâu lắng. cô và người chồng đáng yêu của cô sẽ trải qua một hành trình phức tạp, từ những bất đồng ban đầu đến việc tạo dựng mối quan hệ đẹp và đáng trân trọng.','https://i.mpcdn.top/c/k2PeWwX/tan-len-nham-kieu-hoa-duoc-chong-nhu-y.jpg?1694081723','Tân Lên Nhầm Kiệu Hoa Được Chồng Như Ý','Wrong Carriage Right Groom (2023)',_binary '\0','1 giờ','2023-09-20',0,'2023',2,'https://firebasestorage.googleapis.com/v0/b/movie-online-2dcb1.appspot.com/o/movie%2FNg%C6%B0%E1%BB%9Di%20Nh%E1%BB%87n-%20Du%20H%C3%A0nh%20V%C5%A9%20Tr%E1%BB%A5%20Nh%E1%BB%87n%20-%20T%E1%BA%ADp%20Full.mp4?alt=media&token=f3faef63-ed16-4554-b892-5ec5567647fa','https://firebasestorage.googleapis.com/v0/b/movie-online-2dcb1.appspot.com/o/trailer-movie%2FEP01-04%20Trailer-%20Two%20brides%20accidentally%20married%20the%20wrong%20groom%20-%20Wrong%20Carriage%20Right%20Groom%20-YOUKU.mp4?alt=media&token=8281962f-9f69'),(8,'Yến Sơn Phái Và Bách Hoa Môn Love Forever Young 2023 Full HD Vietsub Thuyết Minh Trên Yến Sơn, một vùng đất tươi đẹp với khí hậu mịt mù, tồn tại hai môn phái võ thuật lớn: Yến Sơn phái và Bách Hoa môn. Điều thú vị là Yến Sơn phái đều toàn nam nhân còn Bách Hoa môn lại chỉ toàn nữ nhân. Mặc dù hai môn phái nằm gần nhau trên vùng núi, nhưng vì quy tắc nghiêm ngặt của mỗi môn phái, họ không được phép tiếp xúc hay giao tiếp.\nTuy nhiên, tình yêu và tò mò không thể bị kìm hãm. Các trái tim trẻ con của hai môn phái đã không thể chống lại những cảm xúc tự nhiên. Mỗi câu chuyện tình yêu, bắt đầu từ những lần va chạm và mâu thuẫn, đều tiếp tục phát triển qua những khó khăn và thử thách. \nCảnh quan hùng vĩ của Yến Sơn cùng với mảng sắc màu đa dạng từ những bông hoa ở Bách Hoa môn, tạo nên bối cảnh hài hòa cho những cảm xúc đan xen của nhân vật. Trong cuộc chiến giữa tình yêu và truyền thống, liệu những môn phái có thể vượt qua và hòa quyện để tạo nên một cuộc sống mới trên vùng đất thần tiên này?','https://i.mpcdn.top/c/nRPVj93/yen-son-phai-va-bach-hoa-mon.jpg?1693963082','Yến Sơn Phái và Bách Hoa Môn','Love Forever Young (2023)',_binary '\0','1 giờ','2023-09-20',3,'2023',2,'https://firebasestorage.googleapis.com/v0/b/movie-online-2dcb1.appspot.com/o/movie%2FNg%C6%B0%E1%BB%9Di%20Nh%E1%BB%87n-%20Du%20H%C3%A0nh%20V%C5%A9%20Tr%E1%BB%A5%20Nh%E1%BB%87n%20-%20T%E1%BA%ADp%20Full.mp4?alt=media&token=f3faef63-ed16-4554-b892-5ec5567647fa','https://firebasestorage.googleapis.com/v0/b/movie-online-2dcb1.appspot.com/o/trailer-movie%2F%5BTrailer%5D%20Romantic%20costume%20comedy%20Love%20Forever%20Young%20is%20coming%20soon!%20-%20YOUKU.mp4?alt=media&token=4d2c50fa-6770-4ba9-ab4f-07a9ac6b2d99'),(9,'Bạch Hồ: Tình Duyên White Fox 2023 Full HD Vietsub Thuyết Minh là câu chuyện về mối thù oan gia giữa Vụ Sơn Phái và Yêu Tộc kéo dài hàng trăm năm. Trong thế giới đầy tranh đấu và xung đột, Bạch Hồ Tố Tố, một nữ điệp viên tài ba, được giao nhiệm vụ xâm nhập vào Vụ Sơn Phái để cướp viên Đan Luyện Yêu - một bí ẩn mang sức mạnh tẩy sạch khí yêu, mà Chưởng môn An Xích Tiêu đã nghiên cứu suốt thời gian dài. Tuy nhiên, một bi kịch không ngờ đến đã xảy ra khi Tố Tố vô tình hấp thụ viên Đan, dẫn đến sự loạn lạc của sức mạnh bên trong cô và mất trí nhớ.\nTrong lúc bế tắc và nguy hiểm, Tố Tố được cứu sống bởi Hà An Sinh, một thần y tốt bụng tại Vô Ưu Trại. Hà An Sinh, người hiền lành và trung thành, cùng với Tố Tố - người con gái mang danh tính bí ẩn, bắt đầu hành trình tìm kiếm quá khứ và ký ức của cô. Trong cuộc phiêu lưu đầy nguy hiểm và khám phá, tình cảm dần nảy nở giữa họ.\nTrong khi đó, viên Đan Luyện Yêu bên trong cơ thể Tố Tố tiếp tục tiến gần đến ranh giới mất kiểm soát, đe dọa cả thế giới. Vụ Sơn Phái và Yêu Tộc cùng phải đối mặt với nguy cơ chưa từng có, buộc họ phải hợp tác để ngăn chặn sự sự tiềm tàng.\n\"Bạch Hồ: Tình Duyên\" không chỉ là câu chuyện về cuộc chiến giữa người và yêu, mà còn là hành trình của Tố Tố và Hà An Sinh để tìm thấy chính mình, giữa những hiểm nguy và bí ẩn. Câu chuyện đặt ra câu hỏi liệu họ có thể hòa giải ân oán và mang lại hòa bình sau hàng nghìn năm xung đột.','https://i.mpcdn.top/c/5ja3YK7/bach-ho-tinh-duyen.jpg?1693758502','Bạch Hồ: Tình duyên','White Fox (2023)',_binary '\0','1 giờ 8 phút','2023-09-20',3,'2023',2,'https://firebasestorage.googleapis.com/v0/b/movie-online-2dcb1.appspot.com/o/movie%2FB%E1%BA%A1ch%20H%E1%BB%93-%20T%C3%ACnh%20Duy%C3%AAn%20-%20T%E1%BA%ADp%20Full.mp4?alt=media&token=bf8e1157-8c2c-46cc-9f8d-6072a82dc280','https://firebasestorage.googleapis.com/v0/b/movie-online-2dcb1.appspot.com/o/trailer-movie%2F%5B2023%E5%85%A8%E7%BD%91%E9%A6%96%E6%92%AD%5D%E7%99%BD%E7%8B%90%E6%83%85%E7%BC%98-White%20Fox%E9%A2%84%E5%91%8A%E5%94%90%E9%98%81%E5%BD%B1%E9%99%A2%E6%AD%A3%E5%9'),(10,'Thước Đao Môn Truyền Kỳ những năm cuối triều đại, giặc Oa gây rối khắp nơi, hoạn quan lộng quyền, Tào công công của Đông Xưởng cấu kết giặc Oa, ý đồ mưu phản. Tây Môn Trường Hải ở bên ngoài là chưởng môn Thước Đao Môn, thực chất là thành viên tổ chức bí mật chống giặc, ngoại trừ tiêu diệt giặc Oa, một nhiệm vụ khác là điều tra Hán gian. Tào công công phát hiện có nhân sĩ phản đối mình, phái người giám sát các môn phái võ lâm. Để che giấu tai mắt, Trường Hải tìm huynh đệ song sinh ở quê nhà là Tây Môn Trường Tại, nhờ y đóng giả mình. Tuy là huynh đệ song sinh nhưng tính cách hai huynh đệ hoàn toàn khác nhau, đệ đệ là đại hiệp anh hùng khí phách, ca ca lại là đầu bếp phố chợ nhát gan yếu đuối.','https://i.mpcdn.top/c/wKBGkGb/thuoc-dao-mon-truyen-ky.jpg?1693715219','Thước đao môn truyền kỳ','Legend of the Undercover Chef (2023)',_binary '\0','1 giờ','2023-09-20',2,'2023',2,'https://firebasestorage.googleapis.com/v0/b/movie-online-2dcb1.appspot.com/o/movie%2FNg%C6%B0%E1%BB%9Di%20Nh%E1%BB%87n-%20Du%20H%C3%A0nh%20V%C5%A9%20Tr%E1%BB%A5%20Nh%E1%BB%87n%20-%20T%E1%BA%ADp%20Full.mp4?alt=media&token=f3faef63-ed16-4554-b892-5ec5567647fa','https://firebasestorage.googleapis.com/v0/b/movie-online-2dcb1.appspot.com/o/trailer-movie%2F%5B2023%E5%85%A8%E7%BD%91%E9%A6%96%E6%92%AD%5D%E7%99%BD%E7%8B%90%E6%83%85%E7%BC%98-White%20Fox%E9%A2%84%E5%91%8A%E5%94%90%E9%98%81%E5%BD%B1%E9%99%A2%E6%AD%A3%E5%9'),(11,'Lang Quân Không Như Ý The Princess and the Werewolf 2021 Full HD Vietsub Thuyết Minh Bộ phim hài hước, cổ trang của Trung Quốc phát sóng 20223 này nói về công chúa \"xuyên nhị đại\" gả cho \"lang quân 2 mặt\", được chuyển thể từ tác phẩm Công chúa thượng gả ký của tác giả Tiên Chanh, là phiên bản thăng cấp của Thái Tử Phi Thăng Chức Ký. Trong đó, Ngô Tuyên Nghi vào vai Tề Ba công chúa: \"Tề Ba là công chúa Đại Hạ, dưới sự giáo dục hiện đại hóa, Tề Ba không dịu dàng và ngây thơ như những công chúa khác, ngược lại là cô gái có mị lực, tràn đầy năng lượng cũng hiểu rõ các chiêu trò giữa nam nữ, có thể phân tích vấn đề tình cảm của tỷ muộn một cách rõ ràng rành mạch. Về bản thân, Tề Ba dám yêu dám hận, chỉ cần có tình yêu thì chênh lệch tuổi tác hay thân phận đều không là vấn đề. Sau khi tới hóa thú vương cung, Tề Ba dựa vào cá tính của bản thân mà chinh phục được tất cả mọi người, trở thành “đỉnh lưu” của cung đình. Ở đây Tề Ba cũng gặp được tình yêu, trải qua nhiều trở ngại, cuối cùng gả được cho lang quân như ý\".','https://i.mpcdn.top/c/L7JGMJP/lang-quan-khong-nhu-y.jpg?1693511523','Lang quân không như ý','The Princess and the Werewolf (2021)',_binary '\0','1 giờ','2023-09-15',1,'2023',2,'https://firebasestorage.googleapis.com/v0/b/movie-online-2dcb1.appspot.com/o/movie%2FNg%C6%B0%E1%BB%9Di%20Nh%E1%BB%87n-%20Du%20H%C3%A0nh%20V%C5%A9%20Tr%E1%BB%A5%20Nh%E1%BB%87n%20-%20T%E1%BA%ADp%20Full.mp4?alt=media&token=f3faef63-ed16-4554-b892-5ec5567647fa','https://firebasestorage.googleapis.com/v0/b/movie-online-2dcb1.appspot.com/o/trailer-movie%2F%5BThe%20Princess%20and%20the%20Werewolf%5D%20EP01%20-%20Forced%20to%20Marry%20the%20Wolf%20King%20-%20Wu%20Xuanyi-Chen%20Zheyuan%20-YOUKU.mp4?alt=media&token=20f'),(12,'Họa Tâm: Song Sinh Kiếp Painted Heart: Twin Tribulations 2023 Full HD Vietsub Thuyết Minh Vô Bại Tướng Quân Vương Thiên Sinh (do Từ Hải Tiếu thủ vai) cùng với Yao\'er (do Trương Chỉ Tích thủ vai), trong suốt thời gian ở chiến trường, dần dần phát triển tình cảm hướng về nhau. Một ngày nọ, trong khi Vương Thiên Sinh đang dẫn quân đi qua một hành trình, họ bắt gặp một cơn mưa lớn. Trong lúc tìm nơi trú ẩn khỏi mưa, anh tình cờ gặp một người phụ nữ lạ, một cô gái trẻ tên là Tiểu Nhu (do Hồ Tuyết Nhi thủ vai), người xin anh giúp đỡ. Anh không biết rằng, tất cả những điều này đã là một cái bẫy đã được sắp đặt từ trước ...','https://i.mpcdn.top/c/oWaQVwQ/hoa-tam-song-sinh-kiep.jpg?1693495456','Họa tâm: Song sinh kiếp','Painted Heart: Twin Tribulations (2023)',_binary '\0','1 giờ 15 phút','2023-09-11',1,'2023',1,'https://firebasestorage.googleapis.com/v0/b/movie-online-2dcb1.appspot.com/o/movie%2FH%E1%BB%8Da%20T%C3%A2m-%20Song%20Sinh%20Ki%E1%BA%BFp%20-%20T%E1%BA%ADp%20Full.mp4?alt=media&token=4983c6ea-cb36-4550-a99c-48e828bede92','https://firebasestorage.googleapis.com/v0/b/movie-online-2dcb1.appspot.com/o/trailer-movie%2F%E7%9A%AE%E5%9B%8A%E7%94%B5%E5%BD%B1%E7%94%BB%E5%BF%83%E4%B9%8B%E5%8F%8C%E7%94%9F%E5%8A%AB%E4%B8%BB%E9%A2%98%E6%9B%B2.mp4?alt=media&token=44e73bcb-fb03-4f2e-aac4-'),(13,'Người Nhện: Du Hành Vũ Trụ Nhện Spider-Man: Across the Spider-Verse 2023 Full HD Vietsub Thuyết Minh Phim đã chính thức ra mắt tại các rạp chiếu phim, đưa chúng ta đến với những cuộc phiêu lưu của Miles Morales và Gwen Stacy.\nMiles Morales trở lại với một cuộc phiêu lưu hùng ép, đưa Spider-Man của khu phố thân thiện toàn thời gian ở Brooklyn đi xuyên qua đa vũ trụ để hợp sức cùng Gwen Stacy và một đội ngũ mới của những người mang sức mạnh nhện để đối đầu với một kẻ ác mạnh hơn bất cứ điều gì họ từng gặp.\nBộ phim hoạt hình siêu anh hùng này đã làm mưa làm gió khi ra mắt tại các rạp chiếu phim vào đầu tháng Sáu, thu về 379 triệu đô la tại thị trường trong nước, biến nó trở thành một trong những bộ phim có doanh thu cao nhất trong năm cho đến thời điểm hiện tại. Tuy nhiên, Sony vẫn đang đẩy bộ phim lên dịch vụ video-on-demand sau chưa đầy một tháng ra mắt. Và hiện Người Nhện: Du Hành Vũ Trụ Nhện','data:image/jpeg;base64,/9j/4AAQSkZJRgABAQAAAQABAAD/2wCEAAkGBxMTEhUTExMWFRUXFx8YGRgYFxoYGRgZHRoeHRcbHRoYHSggHRolHRkYITEhJSkrLi4uHR8zODMtNygtLisBCgoKDg0OGxAQGy0mICYtLS0vLS0tLS0tLS0tLS0tLS0tLS0tLS0tLS0tLS0tLS0tLS0tLS0tLS0tLS0tLS0tLf/AABEIARMAtwMBIgACEQEDEQH/xAAcAAACAgMBAQAAAAAAAAAAAAAEBQMGAAIHAQj/xABDEAACAQIEAwYDBgQFAwIHAAABAhEAAwQSITEFQVEGEyJhcYEykaEHQmKxwfAUI1LRM3Ki4fGCksJD0hUWJDRjk7L/xAAbAQACAwEBAQAAAAAAAAAAAAADBAECBQYAB//EADYRAAEDAgQCCQQCAgEFAAAAAAECAxEAIQQSMUFRYQUTInGBkaGx8DLB0eEU8QZCUiMzYnKy/9oADAMBAAIRAxEAPwBquFPSpe4imhtdaGvCogJrsg+VUEBrRWGtg0MwqaxdiguFUVdYJFqbHh4y5opZfEGrBw67ntsvONKUXbWutDYKlqM0iy6cykq2oIKelSLaog14qztr6a04pSUCVGO+1MFZrTJWZKmyNyX57fSoEsO3xNp0XT670o70pg2h2nATyk/r1qAsHesNyBG1aC+DtLf5QW/Ki7WBA+6D5tqfrRDKw5wPLQVjvf5EmYaR5n7D80MuJmB70us5mnwEAdYH0mfnU2WjcOD7ExNQ4vVi0bmpwfTmdzK9AB0I2qOtlUbVBlrwrW5FZXSA8KJNRgVmU1uworh+Ba4wA261CVkaVVawkZlaV7wrh3esSdEXVjWnFMX3hyoItroo/WmPFcUFXuLfwj4j/UaVRFSVqNLM5lq6xQ/9R9/GhzbNaFaLDVHetkjSoJXFNJVehX0rK9/hT1H1/tWUPLRgpApkU60JiKNu0txp+FdszAe25+gNERGlLNnel+NYgaEA8p5+Va4fEgo7EEG2JccxAk7eXLel3b5XW0DbtlbYgm4GEgz8JnWJykEc6q9rH3bxRsrFlWG3bvNCCWHwxBI206ySaXacS8jOnupZ/HrS5kQPP5r7107gfFV8LrEHqdYPkP1ojiN4JcPQ6jTkdR1qtcOs20zMFyltSuwE+Q56cuUU3u4pXtDSShyzzyttv5gj3FY2N6RW28Ut90xTDTalZXVDWx+3znU2KxcW2YbhTGg3Og026UXh786fqNRzpJjLJa1lGgYgE66Df9BUvDrBU6t4dDp1iDp00HOs5SRiWSpfaXJjWwtw8bb1C2jmMaUxuXFJkt+pqO/iEXKwYyDouaA+m1LcZbXLlF0IxiDoSNen0oTE4jD5Y8bdWgSR0lhoDPKp6P6KedcSciiJg9k6d5GnMXqzjRKYRJ9BVhXHu48KkaaiNR8qmsIN3+Rqr3u1ED+XbVfTfpzHl0pXi+LXLmrOT5SfyrSR/iGKWTohO18x9LetVaSFCFEDjxroy3AFYiNBtsNp/OgEuBlBU6HX9+dVnBcWZrTWyTIRirb7KdCBrG1PLFwFVPlBH+1ZWN6KdwPZd42PKJB8eG0V4NZFlPjR1h1OjCiG7sGINQXMP4MymV59R/tUYzGI1UbjnHl51o9FdIgDqnDbY/Y1SAq4NqY4fDo5AEyaa4m6lhMinxHc8xQuEZbahhBdtvL1pZjNWJmfPrXSZSKUy9cuCTlHqalYoedRuiHnUAt+ZqHGXktiXaPlUhvvpqANDRDKvJgKBwPFbdy81lQWI0DwcmYzpIG8Cq7c4jexDFLK+EbsdAPU8z5Uz4Rw5rRDPdd2BLASQikiJC8zGkn6UwGLa0NalkQDTfEYfKYkTWVrmmsqvUp3NFDiov7UXfpVeXNdkmBbWf8Aqbb6A/OrZjMOkF7Yz9R0qqXScuY6Z2LHyGy/6R9aycRiA3h1Hc2869hnOs0ttQvGFt3MOyMpfmANDm5EHr60lw3Bil9rpTJbUKFBEbqCTAJjUR8xQ9/tFkds8MmaBkBnSd53jyplx7iEWly8xp5gwYP51lYXB4tt0YYiOsm97SJPC8ayParJQ06rMk6G/cKKuY20sl2Go/e01Bw/jFvvRbWAH8ExzPwmTro0VSnuydTRvDbBfZgGnRSCJ8ww09jFdO3/AIzhG0Q5JPG8eQGlQrGoJUgC3y9P8Rx15ylVB2htSDMfQ17iBcYlBdNwZc3hBGmYr8IMbg69Io/FcLFx+9urlFxQZ0H8zZwBzLMJ9z1FHthrKZlt+EowLhPNYCkxqIHsZ9odx2GwiMzSRCbEAbn5tQuuX1gjebVXsJghbOdzHRdyddyf7aUQ2CzW2KgCQNNRzHn5UXjkDwABpz9t55mtQXVRAkQJj5/rWAjprpB5edtUR/rAy9xnWtfKCjnz4VWMXYZdIHyBoU4nr8gAB76U+t3UfRgC7BTliCTGsDf/AGoS5wIsxCsCdyCR4eg/5rscH0q3iEBOIGUnyPdP3rLdZQsktajXl/dKrd8z0q09neLA/wAt41Oh6+R8/Oq3icGQcu2WcxP1J/L286O7OcIu4i5ktiY1YnQKOrHlt70z0jgmMUyUu6ceHOhoxCmjlc0rpKZlXTly6imWHwwRM8bj4elS8I4Z3dtVZs5URmI1Pp0H1o69hQRpvyO/t6V86R0CtoLUlQKr5bUi7ikqMDSdeIqpYzMHzjWfiXr6edbW2DCRqDR1zDFpyKTrBH9J5iieE8GyHO+g/omRPU/v1pnoPGuqR1LiVGLZvsSdacViUJRJ1pZd4fiCs27fuxC/Qmf3zqg2cNfxl9lclbVtirmZLMpIKg89t665xPGQCBIJGnl561X8NhltqEQQB+ySeZ866RKyBVGHXFjMqIoW1hVRQqAKoGgG1bd1RZFeRUdaqmIBodUr2p4rKoXTNeio7902lLBiDMAjqedQvi1v+FoDnQyBlfyM7H6UPxJu8dUiQoL++y/qfah8Pa0ZzsB+/wAjXL9Pvo6wND/W57z+qYQ0kpzK1+R30JxDs+juxEqy6BYUfdIiIgidTO/ppVd4zbaUtgaogBH4tz+ce1XnhuMV9Lh1GgJOo5+66f2oXF8IW2puMQzMZkazJ3FM9BdIBlSjiDMABPG4i1DCAFFs2Olt6qWC4KHIJEDmOnn5U9w9zDYYDM9sEmAWdQdDB0J/2obiPEO5TOBKjmNY9tKqnE8Nbv3e9PeOHEhkGqxG5iIGV94+IHathWOfxQyyUo4i5MV51CGBCYKuB1ro+LxaOSACzpFwa6DYNr1iDH4aitWS+ZlyidZI5xoSPSl/ZrEsuGUqy59QMxDHKDGX8RidRpPlROFw7K52fXwkrG+s5ZImlGujMO0iX1Zp53NeS5Nm0+J0HGi14YFGZ3jTc6D2UfpQmKskjLbOc6EicpWRMxO0URcARHu3dQizB0mPhUSdjIHvQdi9KJddSmfxBxMSfyOn70pwYpLSMrbYCOEaz+qjNK4K5Ma7eAoNeB3EGr5jqTupnSAYO3PQjYUw4eMnhdVRp1kRPqfnTCziQ0BzBjRhsf2eYpN2z4+2GVFNpLmadWmAogbiJJn6VV5lGITnbVrAynUfaoS4llOVaecjXwo3iGBtaSCA2s/lDDlz6Uw7MWLtq7cthx3ZKEAKPEMrlydNXzKoJ5AjrSHslxNsQrW3tlGADgEHIVOxWdtCOesirZw6zbQ5WBIIhhmO3lH6b7bUscY7hgG3DKZHOJ0Ijh48aHiSl1q1z843FWLAY5bgJXZWKTyJXRoPODI9QRyqbEPA9dKjt3LaWwNFVRplECBtAHLyquYntdhxIuXEUciXWfcTWkE5tKxAnMbCrMmIAXbWqr21fiZRWwIt6GWRx/McAzlQtKCRIMiddCKN/wDmNDaa9YRsVk0Is5SxnUHxsvLpXPcd9ttxnNtOH5SDH826QwPmoTQ+U14AzAqizlJBou79rODE271jE4e6p8SMgaD0PiDD3FP+Dcew2LXNh7qvpJXZx6qdR67VxDt52svY91N6zYtsuga2pDleSs5Y5gNx0pZ2VwGKvYhVwYY3l8YhgmUDdsxIAGv1qDIMGis4pSBxFfSZ1rXJVf7NcWxUC3jlw+Yf+rbxFkz/AJ0zgg+ayPIVZ7JDCVgjqDI+YqipFabeIQsdmoxbrKOtYdjyrKXK6kvAHWqxh2+NyPiaB6Lp+eaouIY63atEGfFOUdWA016CRUlm2QEQkmAN9fU/nWtnDd5elgDbCMsbyzMv0ha4h11DuJW65pJPeBoKfdnKSPmwpRwQhrVxiSxAygb7gmZ/qmnPCndB3bqGHNT+h5HbWh3wfdMMOjGAASSAYLEAbeVJ14nce8yjK+V9G1WRJHmNwOVbXVHFPFaPpICr2gGwjbTbXvoTUIaS2v8A2vvM7HanHa7Di5aKWwIBWT4QQSYgyRyMzsetVzh3BXRcj3Bbt5w0oMzlidFUk5c0wJMjYawKtNrMCWG+eOv7/wB62fDq75xy0ycjruDMzpt51tqzMujCsARrxOny/pS/UAjOrumfehsDwdA0Jb20k6+U9Pfn6U/GAtOVW4BcYDVdwB59KzhrHyj+mI9zTfA4QA5j4STPrO4j98qbbw6W1ErOZVu4cB+96E66UpypsPU1XeNdjLd4XHs5rbx4RmbJ5eGfX50t7NcOvXFZMRJFvwG2Tl810Eaakgn9IHSy6quugOg86R8XwDW7oxVnVwuVrfK4o1j1EmPOhdpKhlEpO3zbiKUbfJMeXz530o4pwk2kBEEdOnQf8VUe0GJQIM6q2UyobcDTOAfMaSOcHlV9uWLt20t1lNqWD5G1IHIGD4WjpVA+0Puzew6yUaHL5IlUYRm10BJEDrr7iW0grEGJmR5m1aLOJUpGUjMak7J4xVLtbZyWGmeINvdQBtzkjeSOUVa8K1u7A/w35a6H0PKuTYbjCW7qOgJVCGKTAcgAHbYZV1/WavHB+2oxJNv+HS0wE6QZGgJ0AjcU8WGn0pQpOmh0NBWsoUcpBO5Gnz4DVqOHLHurpaJ0MxB225+9Q4nAxbIDTqAJIG5jfajcVjE7y0WYAsygDz/Teh8dZJR1Ak6D01rnsCtTeNQ2FEySDwgTyjhwogWoi9t+U1T+LYvE8PxQFo6MAVZtVdZ8SMBpI9oBGxNedqOyuH4owxdm8MPicoF1GggxsTqCRGmYcgNKbY7B3iqi63hWcpuMFAmAd9ToOU/Wkpt2Q2rtdPMW1yiemZxJ/wC2usU2CnMTKhwobeETieyo9riBPmPyRVKxv2Y40mWvYY9PGwJHpkmocBgMTwk33vKFa9hnsWirqxZnK+JQDICgGSQI061fu1HbBMEosWlR8SF1B8a2ZG9xju/4RHnvXGuLcTuXXZ3uNcuN8TsZPoOg8hoKy2C+uXHgEjYXzHmZ9vOsx4NI7Dck+Eek+9LLiQYqw9jO1t/h18XLTShP8y0fguLz05N0bcekg1utyhiY02mrm9Cr6v4H2qt4ywt+w0odCIhkYbqw5EfXQjQ17XFPsU4sUxbYYmFvKSJOmdAWH+nN8hWUEtpFaDPVKRKomuw3bNoZnBuDTmARQ/DlUsBn0nWVj6yakvWyEVd51P6fvzpbxJhassQNSMo9W3+k1wWCYOKdSz/yMeFav+huajxv8xrzrdtnN+IqQNY+MClVxO6KO5QKQBKlWkgknRJnet+F+JLhI08OvzobGcNe8z27JlgsCfDmfkhPJACNOZOp3rusUylvEIbSYEAeGlNIWOrzHa+nAcdaG4rxy9fcJg1ZspkwurEgGdeQjpqT5a2XhV0jDB8T4CB4tQIIiGk7TPzrmifxeCud4LDWiDr99SRpqTKmNa9u8ZuYi06XLmQ85aAVBBXQcgf0rbdZLag6ACAbkfVcbkWrEYdD61NIlKspyyTlJF4AIBk8SBpXaezV6xdGa1cDgb+KSPUcuf1pnZw950Yh8jqTkOUMrDlmBiR6EHzr5y4ZjbqFwHMkBdDpE5gfmBHn6VaLXau/h7oKOc+nxM2o5AzuKC+ytbvVNiZ42PPgKq2jNhTiHlhJBiMpI1IAtOsXt+usf/F7hmy9sLiLYzi1umIQc7bHcwCROoI10mnnD8Yl20txDmV9ROh15HoR08jXJ8d22bEqhNopettnS9bYMgP9JBghTptm22q7dkMSUv4qw0AArfUToO8UFwOgkr8zSK23GXerXUdSl3CDEoEaneDBAMcpUDyMjQCh+3PafuwcNYci9oXKgEIp5M0+EnfSTHzrj3HeIvcuMXaWIAJ6x0P9M0+4/wBl8a+I7oI1x7jFiwnIWZpJJOgA0knoKt2B7DYayAHTvXUZiSSZbSYXQZd9KlooJDgMyYH7/qrIUUo6pNtyeP3jxrmPD+D4i4ge1azhsyxIBIG+5BjXcedW7sl2beyWuXmRWZcoWZKrIJ0EmZUfLerLxXEQzQAFCbfCAIj050CtxjlyxEDaPzmmcIordUbQCRztR1tBDab3t61nHhIyhoDN8R0GpAjmaZ2L+Wybio1l4yFS7QBoTAJIOwg70Y9gd6FIloaNfMzQ+JxS953MsHEOY5iNRI0ny6Vl4UZcSlKUyJN+GuvoKI4UZgTwqo8VxLZj4jJ3k7+5oLi/EmwOGW4v/wB1iZFide6t/evEf1cl6b03fABsRbtMujuATB0X73ltNcv7XdoP4rG37xIVZ7q0I0S0pIWB6CfU10WJcASlE2OvdSGJxCgkhG9JcdiIlQSSTLMTJJO5JO5NecJ4RexLZLNsueZ2A9WOgrbAHDi6pvd41vdgoUMdNPvdYmuudluNYW4vd4UqMokW8uUjzg79CRO9c/0hjHGhKEE+w+eHfQsFg0OGFLA9z3VD2P8AskslRdxlxrhn/Ct+FNNNX+Ij0y1Vftd7NDCYoXLSxh7q+AD4bbAQ6DoNmHkfKu7YW1ktqOgFLe0fCLeLsPYuiVbYjdWHwsPMf3HOrNuKtmNHXhUkEIr5r4Q7i6ptvkcTDdPCZ+kisoztN2bv4K6bd1Tlnw3APA45EHr1G4rKZtuKQPZMGvpLHXRmJ5ARVQ7TYokpbEc2M6b6Dc+R+dWRrqmQTVe7Q8KJJurqNJj7un5Vx/8Ai6m0Y4FZgwY7+HvXQluG8tQcIxKi0yxDeGZnqY+kUw4LfC4pVERMz5kyfqYoTh3DsloOzFu8LEzJIIJ2PSOXl50Vw7DDvy0gQdPPT/j5VuYnEhfSBTwIFqaYAGHIXrCvOpcNiC7sdgJAnSWaW8tQCP8AupVxDszZuB2t2UW7BIfKB4tdT8tTWv8ABK+IVypVVB1MAswEg6RpOnz2qyYDEDNDGBEGSBPn61rtqaGIzE3IP68azj1iWyoDSIPdwmuPYjA5SzMGR0eCh1g65Znf/eRyofi1+WUTqggnnJ1Ak9BVv+0p7IuLcSMzoe8AknMpAViJjynyqk37M3ECKWZyDlOuZi0Zff8AWm8KVdb2r6xQMc6g4QloATGbzN45kDSLTTThpuqbSrmR4N1SVkEFyBo3xKQAPeuo9lO0Fg3ruLxGIsqbqLbFsGCIChgytBAELqdNzMUX2y7I3MVhrK2WtpiLKBdRlDCBKCNAJGnKuWWrNtmdXLWrltjmbNorgkHMN1gjcSPKoXldSVKm06c4jvknwFCYKnYQgAFSUpMyTAuQNgAlE6XKjeBX0Fb4ioQMnitxoRtHKDzHpVe4hje9uHJKgatpuOnlVJ7G8TxFq8mEuR3DBmBfUjcxbdPDcBYzrBiekVeLyAf4Z9hzqqG+3NjvPzeq4cAA5gQdIPz5z1pNjbwNxzqNB581rZ7A5FSZX70cjOhid/Oo+I2WLMfMDpJpXF0NB1gzp5evOlejm4WtR4/etfE/QgD5arguY3ixBGUtyOs1U8Fizcx7Pke2EQsQ430AnTTWN6b4THvbYsCQCWImQPea0u8VtkMAttizDNBAJgCNjsPeqYXKHTaZtv8A1SuIw6iYBEQOGlKeMcWuF0ZSJRsw00BH5jlVf4j2Dw9+b9t3sPclihUXbQJOuX4WUHfnE0/v2bTGAXtkmBIDj5jKY9jTdrByqFKsB0MGAABo0GqdPY84VDYa+oncbX+9GThGVtgLH29dK5Hjvs6xKaqovD/8Ly3/AOtwG+U1XEs3cPdDIWS7bYEAjK6kaiVb8udd2xVt/vAjmZ01OtTYbgNnHZkxKd4qjwtMOh/C+49Nqz8D0sMQcjiADxH4pTEdFhCC42vwN/WiOxnapMfhg4hbqwt23tlbqB/Sdx8twadtNc+wXYl+G4tsQt53spaZlIBViToLdwr4WHPbkDAin3Cu1F0XQt8Du7kaRlydCAdQCevXyrROHmVINqzj0ohhQbcBk77d809u2A4ysoZejAEfI15R2UnUaivaTzGtTODe1VXLmg86YYO6FMESCIMj51FheF3dyuUDctoPamC2lA0GZuvL+5riHULaXBsR70886g9nX55Ut4tgDkC2l8GvMALJnUnQChsPhRafM5LE6gCQvux1PsPemoxE/wAt9ukQPlS67dNklXm5ZY7H7s/i3960cFjD1wK7k3nj8HnVm1OFPV/2fH+pqj9r+04ts1mzGedSNRb8hrq35c6oGIus8l2LHzJP51dMT9n+5tYkNrs6EGPMgmT7a15wLsM968FuDu7SgyzNreadAAs5FPnyG8nT6Cz0hgwgqCxzJt89Yrn8Wzi3FytMDYbD5x3qjW9OWhM9Jj/mrn9mMNxEXHg5LVy6J2DKsL8ppj9pPDhZs2E7sJlbKo/Dl5eWg1rPs1hLWKcRm/l2wT+LMzCehyLRyR1anaCtlReThgqZI+eFxXSxxDMBrEmT7a/pVS7Z9lLd1zcskC7cHeFTaY22Ykj/ABVPgLZWMQdidJrdnYzDNufCB1Gm+saE6dYoS7ntLdu95cL5fg8OU7AEiNIA5AHr5w0pkuAoUAeF799orWXg3gg5xbQkQTB4UJ2Z4FirYAdrYTU93mZypGg1Gi68wx9KsWHxD2jkgtzKaBvVTs4+tD2ijWrK23kOc7PEHIN5EwGLkiKbXClxcpXQa5vvA9QeVLYnCKUSRYmeW+/M0fCvoyZIJAsCdecbwPM8aI4deS7MFcqeJ83hKDqwO36+dUTtN2zZGZMBbLETN5wCfPKD4VHzNdDt9nM65cRcdxMlAcgPQ3CsG40dTHlzqrfajbw+FwyW7NtEJJaQozFUWNW3+J13PI0oylTDZUoCT5a8PndSalIxL4aCjl5chJJJg+Q8a4nxPjWIxDFr153J6sfy6UBJGvPrzrVa9ajElQuayQBXTvs77V96y4XEavH8u5zaBOVj1gGG8oroSqCY9v71wnsgcuMwx63lHzMfrXcVvQDof3pXL/5AVqcQCf8AX7mui6MWpbRBOhj0qU4101ViNdtx8jpVp7Ptmt5mRATzUZZ+VVFb50jTWCCMw+REGugYEAIoKgaawIE89KH0W2Qkr8K90lCUgZdd9/njUGNsggAc9515j9+1VTF9iLLOxVmtsdcsypO5Kk8vy6VewgO1R3sPp+/WthLzjYlPnWG4ht0ZVie+qJw7A3sNeNnMSmXMpMwupgeciduYryrnjMILgAM7yKyjfym1XXrVGmi0MqDbblSnige5rOo2HKgbN0jXY8xTl1E6Us4ngnbx2x4hy/qHT1pHF4Ft4AgwsaH81tMuJjIRAqK6ub15edDrsVYBgeRorCsrJp7jmDzB6GleNx9vvCgdc4EsoMkQJM9NNfSuXTgXCpaR9SSLb660wlYnIaGx3DmTxW28G8Hkek/3qLAMXuagiFJJ1jT9d/kaZ4fEAyCMykQynodtDsYpFxTha2yXYk28pyDYAbkE9NNjoNfKOj6NyOq6p2zgBtpmtqOBHDlamC8spy+vv6VV/tJuX7mJsWIZwEm2o1zF2gwBuTlAq2dleAHD4TuyyteLG5cA8RUwAqjqFEyROrNyg1VOwrm5i7mKujPltmDByh2hRB5QhfTlpzq6u6BTcVoCnxA7qNJPoJraexC8MlvCoSCQATw10rJwuG611eIUYv2bW+d3nUb4ZubaawQBsRGgGnPkYre3h40RdTuTqxnfyA9qIXGg/EJ0JkaHbmNjtvQ5vMxIAjTUDaPxHnufLyqjWKYCcwSc3A7eOkVqqS8RlNhvS23aNm8EGqXBAAPhV1kkeRIJMeRp/gsE7XLUglc4k8hqJpUhGV1cEEMMhXkV+FhI1M+o3Gxo7E4rEXMrL4Y1RdBLAyoj1FCexzuJdSkeMXGxBAHIwZOoneoQ2W0kJgC9zz286u7mSZrgP2tcf7++wUyo8C/5VOp/6mJ9RFWvtx9ozW7bWRae1caQ4aQ/mACAQD/V02rimLxLXGLNuf3FOuL6yANBesFtP8ZtRJGdQgQQYG5kWuLDlNQA1jGtTWwqJpSn/ZfDtcxVkICctxXPkqsCx9I/MV2vu/COp/SuZfZtj7Sd6rXbdl4DK9xlVXA3QliBP3hqCdfSuhcP4vYvq7d4uWyAXZCCus5YPU5Tv0O9c/0sy/iMQlKEEwItz4+Nvet3o9xpjDlali5k8rQLfimXCcKXuINxmk69NT8xV5JIr5z7SfaLfYtbwp7i2JGZD/MblJufEP8ApgUl4H22xuGuB7eIub6q7s6N/mRjHuIPQitBjo8tNBBUJ8xPfSWKxweXIFtpr6lW9FSjE1UexXbG1xGzmWEupHeW51HRlPNDyPsasE0utuDBqgAUJpit0GvaAUmsoeWq5BWC3Wwt1KUrZLNMzmNXK6QcWwTAm7aEn76f1jy/EKrOLwlq8Vu65h95fCfQ/vSugOwnSq32h4SwJu2RM/4iDn+Ifi/OhLbKzKDCxoRvy/B86dw7ySQldLrd8nzilvFrpxEYMSBe1uuBJtWhuR0Z9LY9SeVHWVzAFTII0IqPA8PK3blySTcKztoEWFA5xJZvVjWEypLLpcX9SZI5q2nu18I0Jp3EthaMibA68QN/Hb1ofFcN/hsqIITZY2IqH+HyicyiSSBp100/WrTi0DW8rCRyPMGqL2jwC2bZLBC2gTU5tTJPpE+5roujelWse0G3o6zTv5iN+XlVEu9UjrBbKDbYjhy4U+xKukd8sGJzeo50LZttGmgOx60H2T7TWgnd4nE2yuXLaBDd4jbOj6QFVT4TzB8oq0i0iKXRRdEZlykEsI0AJMeQpXFpawl1BR7rC9oJNhx7qsxj86ZAHhpPKvBgraIpUm5cbUSNNtYHlpqagGCutvC++3yoDhfG7WNOZM6m3o9tiVInY+E9QRHz5VYLN0nlQMT00/hkBGHbSi1wbme/Q25UPtGVKvzNcn+27Bn+Jt34/wAS2CY2zDR/r+dcyNfSHazs+uOsG05yEHMrxJU89J1BGkeh5VUcJ9mWDta3Gu3j0JyL8k8X1p5jppl1lJcnOBBAB23G1xG+s1kfwHCshAtM+dccipckAEjQ13LG9h8FcUL/AA62xEBkJVl894Y/5pqmdtOxTYTCWyrd4O9aCBusJB9ZkR5Vo4LFNYkEJsY0OvhsaBimF4cjNodxp41z/LJgbmnWH4ybVhsMp8LNnaPvNER6AfrSa/YZDDCD0raxZDBidIplKlIMDWlyAoVFXpUURh8PmWec6VC1sihhQNqOWlBIVFjTTsvx+7gcSmItbroVPwup+JT5H6EA8q7dwL7WsBfhbubDOf6/Ek+Try82C189MZrShuNpXrVUqI0r7Aw19XUOjBlIkMpBBHkRoayvl3s32qxWCYnD3CoO6GGQ+ZVtJ8xB/KspY4VU2NF60b19ckAULccnasxBMn0/4oa3iwpKnU9aooSOAFEQg6i5rYiNK3C0LicUB5k7Vph8cMpLHYx15UIJMTRsiimaUca4UbZN60PCTLoOX41H5j39RpUqNddGB6H96VbgarHHMCbJN1BNs6sv9B/qHl1FK4rDF4haPrHr89abYezDq11ree4+HLWsveFDlD6BX2ExOk1zfhPZYm8RjLr2mnSBmF0sYEXNtSRpE6+VXXB4oqp1OusTzIgjpHOoMe4fKCSMrq4jTVGBHtpSa3EYZ9xOHjIrgIKTwEyCAdLHWaOjDLWO1VRw/CraWrlu7hmu4iw8ypf+ZbZwJTLrmAkxy3Ok1bRwG2LYOHe7grhAMBy0GNnGYhj6GiDjFzZQ0mYgCT8hRT2brHN3ZC6avCD/AFURb2LxMdWgp3Jkwbadq0bxe9W6gNfUoAeApHhuzzWcUuJTEFpUi6HUTc8Oh8Ok5gDr0FWey/WTWvC+EveQOt61kkiU8eqkqwnQSCCKbWOzdsfG9x/+rKPktQvo556OvWJFrXPpQS/h0JhJnu+Cld3Fou7AeXP5UO11n/wrFy555cq/Noq14fhtm38FtR5xr86IimmsEw3sT329qAcX/wARVRs8Jxj791aHu7fSBVM7XcZyK2GcsSjEqTCkSEAYiNJhyF38Q2ArpfaDj6Ybu7ZMXL2YDqoCt4vYifavnDjVw92xkkm5JJMkknQyf3rW0w0GW84ATJAEC41k0oHf5DpChKUAqI2JAsD7+BqTiF0OuqAB1ZgeakDOPrnqu7WvU/v8qcscqWEO5zE+kH/3Unv/AOGvt+VVw4gK+cR9qY6WXnUgnWL6COykxbhJ86MwNvwJ/mP50uxMh29aacMPgHqaXYxYuN61Df1kVXFAfxm1Dl/81EX6irHxDsTjLVpL4t97adQwe1LZcwmGWAymD0jzNV1l0npXdOz3Fbli1ZtvIGRCJ1RgVET6j2+VDxb6mAFATxoWDwhxRUAbgT31wsKKyvo3iXZHA44ZxbQXPvKZUj0dSCRXtDTjwR9J8II9x7VRWFAMFYHIyD7GrRj+JADKsxtP60Jb8Ks25BA9/wBmkWEuHPlBAnWTyjWtzxgjwxKkyZOs9dPKKaW0SYp5KUpTA8aLxNwmJ5VobvhC8s0+tRYjEAxBkRNBi/1NDy01YpFWXB8RGoZtzpPntTM6iDqDVLF+WWOWvuKe8Px5ZjmMyAB6ga6eZP0oSmt6WdZ3TQN3sipclbrJbJkIACR5Anl5RRmG7MYdfiU3D+NifoNKa562L1Qi879wqhfdjLmNQ3mWxbZ7Vguw1CWwoZjPUwB1JPnXL+2HavG27dxu8wmEdhC21uC9imB5FlzKgEk/Fp0rpHG8AMRYuWSzqHAk22CsQCGyhiDGaMpPQmvnXtFxG2c9i1w+3hwrEMzZnv5gdZuOTGvIaU3hoCTNZj7ZK9zTHsr26xNi2mGtMVLYnvXcnMWDFQyw20wSes9a+ki9fPH2X9mnxF9LhX+XbYOzERtqE8ySBp0n3+gM9LYlzMqmuo6tIk3Nzy4Dyv4ip81ezQBx6BihOv8AtO9B8GxrvnLNIERoOc0HIopJ4V7JvXF/tP4244wxY+Gz4FHQZIP5k+9V7CYu2QqudWKkAic3L8xT77ceH5MeLoGl1Fb3HhP/APP51UeE3VkA7icp6SNR+vzrWxKVOMgjQAG3cB5Aip6JeDGI2k2M6amfEg/mmvEkXMNPH4Y08OWYyj51WL58KinVjFM1x1ZtmUj2MflFKMSv0pfCpKUlJ4CmumXkPqDqBAlQ9d+f2iiOFtoR5zUXFF8QPUflWvD3hvXT+1F8Rtyk8wag9lzvoSf+rgiN0/Yz7GlkTX0nhsAjYPDi4NO4twdNJRevLbSvm23z9K+l0H8izaaYFtRoNoUCR/b9d74hIIA50phSoKzJ2qu4jD3bBgMGt8mnLHlImPT89Y9pjisIV8wdiNjXlZ5wLZM1vJx5IGYAnjXqfePt8/8AagGbc+dSXMQQsASSdKXXeIH4QAQOfXz/AH5Vu5DNZZcAptdBWOWlJMbx63Y/xGhSYB3ynTSFGlOLhzprvlk1yntzf+BepL/WPyiqtBAQoqEn9j81d51SUFaeXrP2mulWcerjMjBgRII1B/cUx4FiSbqDSJJ+lcctXmnh6hiNtjGnenp70/4r2ru27/dYZQWG5M6abaEctzVi22pJm0R5kaCqJxZy3/uu6JcqQGuU8O+0Zu4L3LfjttluKNZBUsrLqN461ZcN25tHCpiV1UnLqcsMJzTOoEA686SVhlWykGf3+KqlxJq5Zq519qPZm0bdzHpmW4sG6Bs6yFzeTjQTzHzpbwjt5d769azJcATvLRJLEw3iTMDqch+hq12O1djEYW42VWOQh7DkSdPEjDWZG3WRXjhlTlF7x5VKXYIUkwRpVH+zftutibdwDumcHNMG0x0JbqpAHpHSY65j8UETNOn7ivnnj/Av4ZhiMKTcwzkxPx24MMlwbiNYbnHKrB2c7XXFtrZM3LM6AavZ8hHxL+Hly6VQsQoAix+fDRkLGIlf+w+ocf8AyH3G2uldDGNZmzGCTI2jcRNE8HxAD5NfEYHSZ0/tSdMQoGadPTrtUNrtBZskXmYFRmGhGjZTE66dfQU6rDFQyxyqFqTEjhXOPta4wcRxC6JlbUWlgzoo1nzzFp8zFI7PDrnd5lRjl3IEwfb1FF28Ha8eIvF3BdivdwQ2pJ1eDpqdttaJxXECLKXLKLEfelipGp00Abn5idNDUqjMCFWGkcoF7HvikmQEIUpQvGnI6mtrXZ+9mt3gFyuoLDMAV5iQY6D0oLFcNtogNx2DsdgkqoOxLTBB5EHr0MMkFzFWPHcN0tr0ynmoAGhB/LoSKRri3szZuDPbP3WnTrHMHTUdR71MJbEhOoiT8tUvKJQM2hkzzNj7UFfw5UkEf2PQjyNM7EOmvPQ0GmJU/wAszlnwFt18iRuOUxy5bAzhtvKzKfWhPNhbeZOovROjV5Xgg6Kt47Um+EsD5ivpuzdD27TrsyKw9CARXzhxu1luSNmE++xrt32YY/vuHWpPitE2j6Lqn+hlpV1WZtKx8m3vVS11Lymjt8HpVrtAHkD1B2Pn5GsrQrWUDOaJHOqTdvAg+tAAeKKkc8qjwrjOCSAM2502roVWmgmnmPvFLTH8Jj5aVx/tGO8xRQHRRHplWW/Kuqcfvg2pUyCwEjUbzv7RXNMLg3OIvXHUgFHInqRoKz0aEHiPv70+8ypaEJSLE+0fg0u4HeLYjDg7Wzp7Et+dHcAebt+6WywupjNEsOQ30FBdmE/+qSeUn/SaN7NWx39yy+obfzg6/maltelpvodLxE0nh2ycipiSYPMD+qZ4y7bfC3O7uI+VZOWVJgnUqQCCZoPgYzYG4u/iI+YQj9aW8LGmJXaUHyziaYdk3mzeX398pj8q8oypJ5+5j70Vklawk7oUnyn8Xr3guM7vBPcGjozKrcxmAI9djv1oHC8PfuO+V2DtJkMRsSIPUkg/MVDgCTYxFsciresEr+op52Z8eHyz/UPQ6n/yBqwUVBI2A9zH4oLLSXFBJ3SY7xN/SgsdiW/hLbWXdFEqyh2iZ8cwdZLA0RwywVuhmUxeth0bUCfvwRzmaW8LlrWItdPGPaQ3+mfeKe9kn77CvZPx2Wzp1AMkge+efUVLSQ4oIUYnQ8Dt4TE15CihxDoHhxiygOcTSS9jbuHvsSzMjiGXMYZTuIn3A5aVPhyqXcoabOIGh6NykdQSJHRoqTtXhpC3B6H9/P5CkGIw8IjjYiD5Eb+nKhr5/OM+NqhxCmXCBcC/gfyDTnA31sO9m6StptQQMxRhtpz2jz0NC4DHpbusoJNlzB0iDyYDWIP03rfF/wA+wLo+NPC//ifcfvSpksLfw3hAD29GAG/Q/vzqJ0HzuooaUVQgzAlPMbjwG3f3ULiHu2HZEuNbRiCcpIEciI1iP7UzxvDu8tAq5dlG/MjkfMxGvOKXYFu+TuH+Nf8ADPUc1/tW/DL+IVWtoVUDdmgEDaJPKeVXQQeyZ9/SoSEJ0TKVW5g8OFudRW8OLwIELdUaj+odV9uXyqPDX2tkBx8JgHmOo6keXKjr5QMHPx6wQYXMN22+lAcXUgjP8REwdwORPrRjhFBorXbaOPhtQHHUtqBTdQOu3jzozj9sFAw5Mfr+xV9+xXiIFq/Z55w/sVy/+H1FUK6c9n1WfcVL2A4obGMtmfC/gbWNyI+oFZjKZbKK0OklJ/lJdAsoD7j2ivoXvp8vWvaTYfEZ7u/3ee08/rWUFTShVcgqos+poHEHwetEZtCetRuuwrp8t6SVpQeJDPZNsNpoQDAE9Z60tt2bqW2O5zDT4tOehp9ZVtlJkjYMIiP7Ufwq8qOQQGG5nw6DWNeulWS8cuUpChNTkydtJKSNxVT4fYB7xwgVkA2BG5Mgj2pVxDBpcfOj5G8wQQfUV0PFcXUjL3SgGZy6AzziPX5Urw/ZfvyxtM2mrAIxInbYV7+KyskuJKL7bjnznSvKxKi3lkKB42g8oj76VUuE8KCZy1wEOpTSdzB3POh8MuIwrOETMG6gkaTBEevOui3Ozdj+Eyo7G4czMxDQcn+IIjTKMknlzqr2uCXyRkBaXKCCdXVc5UeYXX0qBgWldpteWOPzf5rUdeMqUlGkwUnjqL+lJuz2AYF2uDKrrl10kmvMFiHwdxgULKdQB/UNiPLr7VbsJwFmsW93fEZjbgN4ss5lWR4iACZFKm4diMofIzWzENAIMsUXU9WBX1Bqo6PSSC04LG82vxHfG+4rwxKAgAggiSCIJvqDpzNKOyuHbM9xhAYZfWTJ/KteBXjhsbGuUkofOTp9QKs68OuLau5pD2yM4A/wiTlAbkNiOk6VNgeB4pSz3EgDMCCPF4AGYgRyBE1Q9HBIkOD8nlyiPInevHEJLSUwZSTGmh4+M8eFBY7Dhhct8t1n98jVc4VhGh7d1SEOqsRoGH9x+VXLiHBb960LluzcI2DAQCc0AT66e9DWezN+GS8uRpSMwYmXbKk6bM2gjmCKOrAtvEuFwJnUWmdDadJjzNSMYOxKJKQRrYjYHuBjwFVjheCe07Fo7sjK4mZB225/pU/DcF3Ze6jFgDlIggGdR+R9xTo8BZVuy2bu4FzKphJOUZp21BHzqWzwN7ejW2DeMQelsA3P+3n0rysJg2RJlXL+o2I8b1VDzspSmEwSQdSPP5c8aRYSwHZslvxHUEAkg+R5U1s8HusyWnWWuSVCp3jCeZ6bb8qsN3s9cS2JRw5GbIE0FsRmYnlGYfMVD2w4vcwyCxhrbi46DvLrLlJVlkIs6hfPn8hVOuz9lpsBPGL7XqHFhsSVydI0/VVXiAw+GtqcwvXyA34LRImI+++upOg5DnVVOa65J1LGSakOFuO2oP8AamWHsBBAHqazsY6s6JOs3Gp4n7CowWFDqpWbbnlwFeXzktR0EfWKSIxUgjQjUGjMdfzmBsKEIpVlBSmTrRse+lxyE6JsK7hZZnRWIOqg+eorKdm7hks2gbgAKqoJBIBVdUOnxDz5eleVo9UToKgKSdVVURbEbmBW6ganShDjFgdfStzfGm1axavVEqTFSd0ORA9v+aY2cKRaZjGVvCD1A1aOfIClYuVLYvb/AL8yfXlQS1eRV8xitnwgIY5S2VZPTeOkTJongt6wP4m25vWu8W3ldZIlXdtIQwwkb6HQUKNRXiLVHQtwAE1IYERz/VOU4ut9rrd2yNOJRbZWS4v5MjBgsbKxYE79aD4TfewED4ciMXcc5rZJRWwyqGXLGpcFdc35VNwNR/EW1O0z9Cac9tBkEr5fSaU6kfROv7/NSlAhQNovSfCcWtqcOi5wcLkyPllXJwty3cyqqyn8wqxn2rW/xoPbBXDw7W7GayyNlW6MVcuX4yxtnzjXpvSjhtp7lxEQFmYwAOf7FWbHcGZSzQRkgMdoY+/nVlYZCVCVGfCl21ZwaVWXAx9xrlt2w+IN0XCE5d53tltp+JAI5ZjRmE47Fu736OXDYhsmo73vwuTK4WABDqZgjQ60U2CusodUbKWyggTJOggeulD3eDuz90UOc8ucRO8xEa1YtgzCzpy2EVZQBMqApTY4xbG9t0Ax1l1ET/LUat8Owkzz5imJ47YuOqybKTbcLkYqpw+Ka7c6mbitmGvUaVvd4IwRv5J8JylvFmDaDaYmSOXMUpvdm8Qbvddy8gBm02U899dQRHUHoaqtpCiVFcHwqIyi4FT8M4mEfGFrbOt5rYa3lXxWy1zvRr95RcDeoEUbjuJK7OEVXLNjQrFRmU3ly2gDmEZzpEHblQrrpHOq32o40cIuS2YvXBqR9xDpI/E30HroJTQJmTRXQlIKj5VbuIcXt2sRcxKXsHJwzKE7xVe4TcsSr5mgytq4siqZ20xdq9iy1i4jWsttRmuKSoW0o113BEVQbaF2+pJphbQAQKVGJLKsydahpg4j6rCjDbiYKb/1qf1pdi8RyBHnqPlWmLv/AHQfWgqEFKUcyqviHwkdWjzqUmp+HWO8uAcp19OdDAfKnvBEhC2xJgeg/wB6YaTnUJpEVf8As/jjdL23U3g4BuW/vMVjJcT8WwYdBPOsqs2MQUOZd+tZT6pmrZaJLH/ei8HZzSS2WIGizqZ84G1B3N/PnpGvPT6e1bW7zIfCzKfwyJ+VPdcqNL16KcXMEcjstycokSkT6a9Kgt2LzgtbVmXaQPnMTFAXMa5+JmI6GY+W1eDEgARcI/DJEUMuLr0Eb0xxGFxKoXKsF5mDp78qFw1+8dRt5wB7TvQdzHPBGckHcTNeW8W4Gh+pj6GrpXa4qcy9lGm2DxN5LoYGG3BlT6xy9qPxvG7t5WRzmM6eEA/6arTYxidST6k/3qd+LEgLkTTmAQf+OdR2JmolYm+tWDspijaxC3QjOEDZgupAZSkgHc+LbnVgx/aAMt8NbuqjMkaaKLfhYnWAxCj3EcqpXDOJMplcusGDrBBzAxpEEelM7KX8Wt1UKQLZd9YEKSxOk+Ik+npQHUJK85jbfgZqolFWix2lt2VA7u7NtspzgDwJea4xOujgKwI2EHWtMTjcOb8tnABFogBEFxshBlQwgklZUbj1qj2u0OJIuFmQwn4YMvEMJ8QAuMBPlS67xG67AtkJVg8+AeIZQCY02UCgBm5499XCovXTm7QWwj52cklwH8CyrPaDnRoDIwCgCRLKJFANxa0uK7zJiGCKERQiDKCbngLFz8XjPehgwYP6Cg3OKXWTuybYWPwf1B9DvqwBMk+1G2uO4p2CqUe47QPgLEk6DrMhYg6Rzk1PUQP3XiqRQ1/Fm2r3Lw0t/dbXO5HgTXkdyf6Z6iqJjMS964zuSzuZNNu1uML3cgfOls5c2YEu/wD6j7zqRAn7qrQmDw0CTufypLF4ibDT3q7DKnl/LCss2goj51FicRGg3qXE3co8+VLziH/qb5mkEJzXNO4l4NDq0f1+69sWizBV1YmBrGvqdqOfhLJc7u4yq0SIIYHylaFS6ywxZpHw6mR19KjuYl2ILMxI2JJMenSmdBWZTG/wvKC3eK2kwPLlv502sWclu2JnMuaBOkkwNRvHSqyt9iQCzETsSasaP4VEnQAc+lM4USSa8KJLedZQ5uHkK9p6KtNMm5VhWRr/AFD9K8rKKnWprc2x+fM8qW5zrqfn5VlZRK9Uy1On9vyrKyvGvVGd/wB9a9NZWVXapqZmK6qSDB1BI/e9SWcQ6q2VmXMSpgkSMuxjcVlZQ+NQaW27hAcTuI/1Kf0FYlZWUXc1WvKa8B0/iHGj28NdZDzVskSPPU1lZQnfpNQa59Z+IDzp+aysrnH9RWv0X9KvCk/EvjNQWfiFZWUZr6RWfif+8rvNe4j4jReDsKw1E+5rKyip+ulxR38Kg2UVKaysrVbAAtU1lZWVlXqK/9k=','Người Nhện: Du Hành Vũ Trụ Nhện','Spider-Man: Across the Spider-Verse (2023)',_binary '\0','2 giờ 20 phút','2023-09-13',6,'2023',1,'https://firebasestorage.googleapis.com/v0/b/movie-online-2dcb1.appspot.com/o/movie%2FNg%C6%B0%E1%BB%9Di%20Nh%E1%BB%87n-%20Du%20H%C3%A0nh%20V%C5%A9%20Tr%E1%BB%A5%20Nh%E1%BB%87n%20-%20T%E1%BA%ADp%20Full.mp4?alt=media&token=f3faef63-ed16-4554-b892-5ec5567647fa','https://firebasestorage.googleapis.com/v0/b/movie-online-2dcb1.appspot.com/o/trailer-movie%2FSPIDER-MAN-%20ACROSS%20THE%20SPIDER-VERSE%20-%20Official%20Trailer%20(HD).mp4?alt=media&token=48f602cb-08b0-46d9-adfd-3867fef48260'),(14,'Cuộc Chạy Trốn Của Kara Robinson The Girl Who Escaped: The Kara Robinson Story 2023 Full HD Vietsub Thuyết Minh Câu chuyện về sự sinh tồn và nghị lực của Kara là một hình ảnh mạnh mẽ về sự kiên nhẫn và can đảm trong tình thế khó khăn. Dựa trên câu chuyện có thật của Kara Robinson Chamberlain\nKara, 15 tuổi, một cô gái trẻ năng động và đầy hứng thú với cuộc sống, đã trải qua một cơn ác mộng đau đớn khi cô bị một kẻ sát nhân hàng loạt kề súng vào cổ. Anh ta buộc cô phải lên xe và đưa cô về căn hộ của mình và tấn công cô. Kara cảm thấy lo lắng và hoảng sợ đến tột cùng, nhưng bản năng sinh tồn đã đẩy cô phải tìm cách sống sót.\nKhi họ đến căn hộ của kẻ sát nhân, Kara biết mình phải nắm bắt cơ hội để thoát khỏi sự thống trị của anh ta. Trong khi anh ta bị mải mê với việc chuẩn bị mọi thứ, Kara nhanh chóng tìm cách tự giải thoát khỏi cạm bẫy này. Cô chờ đợi thời cơ hoàn hảo và khi anh ta ngủ say, Kara liền bỏ trốn qua cửa sổ nhỏ và lẩn trốn vào đêm tối.\nKara không dám quay lại căn hộ đáng sợ đó, nhưng cô biết rằng cô cần đưa ra cảnh báo để ngăn chặn kẻ sát nhân này khỏi tiếp tục gây ác. Cô liên lạc với cảnh sát và cung cấp đủ thông tin để họ có thể xác định vị trí của kẻ bắt cóc. Cuộc truy đuổi bắt đầu, và cảnh sát tận dụng tất cả các tài năng để bắt giữ kẻ sát nhân hàng loạt này.\nSau một cuộc truy đuổi căng thẳng, cảnh sát cuối cùng đã bắt được kẻ sát nhân và đưa anh ta trước pháp luật. Kara đã đứng trước tòa án để cung cấp lời khai chứng cho cuộc truy tìm và đảm bảo rằng kẻ sát nhân này sẽ bị đưa ra xét xử.\nCâu chuyện về sự sinh tồn của Kara và sự dũng cảm của cô trong việc đối mặt với kẻ sát nhân hàng loạt này đã trở thành một tượng đài cho sự kiên nhẫn, sức mạnh và lòng can đảm trong mọi tình huống đen tối.','https://img.phimmoichillg.net/images/film/cuoc-chay-tron-cua-kara-robinson.jpg','Cuộc Chạy Trốn Của Kara Robinson\n','The Girl Who Escaped: The Kara Robinson Story (2023)',_binary '\0','1 giờ 28 phút','2023-09-11',6,'2023',6,'https://firebasestorage.googleapis.com/v0/b/movie-online-2dcb1.appspot.com/o/movie%2FNg%C6%B0%E1%BB%9Di%20Nh%E1%BB%87n-%20Du%20H%C3%A0nh%20V%C5%A9%20Tr%E1%BB%A5%20Nh%E1%BB%87n%20-%20T%E1%BA%ADp%20Full.mp4?alt=media&token=f3faef63-ed16-4554-b892-5ec5567647fa','https://firebasestorage.googleapis.com/v0/b/movie-online-2dcb1.appspot.com/o/trailer-movie%2FThe%20Girl%20Who%20Escaped-%20The%20Kara%20Robinson%20Story%202023%20Trailer%20YouTube%20-%20Crime%20Drama%20Thriller%20Movie.mp4?alt=media&token=0f24935b-7aa0-43'),(15,'Cơn Lũ Chết Chóc The Flood 2023 Full HD Vietsub Thuyết Minh Một đàn cá sấu khổng lồ đang đói bị giải phóng và tấn công một nhóm tù nhân đang trên đường đi và các người bảo vệ của họ sau khi một cơn bão lớn gây lũ lụt tại Louisiana.','https://img.phimmoichillg.net/images/film/con-lu-chet-choc.jpg','Cơn Lũ Chết Chóc','The Flood (2023)',_binary '\0','1 giờ 33 phút','2023-09-11',6,'2023',6,'https://firebasestorage.googleapis.com/v0/b/movie-online-1.appspot.com/o/C%C6%A1n%20L%C5%A9%20Ch%E1%BA%BFt%20Ch%C3%B3c%20-%20T%E1%BA%ADp%20Full.mp4?alt=media&token=a9584cb3-c4d1-40fb-8db2-fe4aacb649e1','https://firebasestorage.googleapis.com/v0/b/movie-online-2dcb1.appspot.com/o/trailer-movie%2FSPIDER-MAN-%20ACROSS%20THE%20SPIDER-VERSE%20-%20Official%20Trailer%20(HD).mp4?alt=media&token=48f602cb-08b0-46d9-adfd-3867fef48260'),(16,'Doraemon : Tân Chú Khủng Long Của Nobita Doraemon the 40th Movie : Nobitas New Dinosaur / Nobita no Shin Kyouryuu 2019 Full HD Vietsub Thuyết Minh Năm 2020 là kỷ niệm 50 năm của Doraemon. Để kỷ niệm điều đó, chúng tôi sẽ ra mắt bộ phim Doraemon - Tân Chú khủng long của Nobita.Nobita đã gặp được một cặp song sinh khủng long đầy đáng yêu là Myuu và Kyuu.\nMùa xuân năm 2020- Doraemon, một bộ phim đầy phát triển trong tương lai. Câu chuyện về Tân Chú khủng long của Nobita bắt đầu từ đây.','https://img.phimmoichillg.net/images/film/doraemon-tan-chu-khung-long-cua-nobita.jpg','Doraemon : Tân Chú Khủng Long Của Nobita','Doraemon the 40th Movie : Nobitas New Dinosaur / Nobita no Shin Kyouryuu (2019)',_binary '\0','100 phút','2023-09-21',8,'2019',3,'https://firebasestorage.googleapis.com/v0/b/movie-online-1.appspot.com/o/Doraemon%20-%20T%C3%A2n%20Ch%C3%BA%20Kh%E1%BB%A7ng%20Long%20C%E1%BB%A7a%20Nobita%20-%20T%E1%BA%ADp%20Full.mp4?alt=media&token=bbc463a8-25e8-4a4d-8f7f-973fa1f29d5c','https://firebasestorage.googleapis.com/v0/b/movie-online-2dcb1.appspot.com/o/trailer-movie%2FSPIDER-MAN-%20ACROSS%20THE%20SPIDER-VERSE%20-%20Official%20Trailer%20(HD).mp4?alt=media&token=48f602cb-08b0-46d9-adfd-3867fef48260'),(17,'Huyền Thoại Rồng Đen: Cuộc Chiến Của Các Vương Quốc Mortal Kombat Legends: Battle Of The Realms 2021 Full HD Vietsub Thuyết Minh Bộ phim bắt đầu ngay sau sự trả thù của Scorpion, nơi các anh hùng bị tấn công bởi Shao Kahn, điều này sẽ buộc \"Raiden và nhóm chiến binh của anh ta phải thỏa thuận để cạnh tranh trong một Mortal Kombat cuối cùng sẽ quyết định số phận của các vương quốc.\" Điều này buộc những người tốt phải đi đến Outworld để bảo vệ Earthrealm trong khi Scorpion hành trình để tìm Kamidogu (một di vật thần bí được tạo ra bởi các vị thần Elder toàn năng) trước khi nó được sử dụng để mang trở lại One Being bí ẩn, kẻ sẽ hủy diệt vũ trụ.','https://img.phimmoichillg.net/images/film/huyen-thoai-rong-den-cuoc-chien-cua-cac-vuong-quoc.jpg','Huyền Thoại Rồng Đen: Cuộc Chiến Của Các Vương Quốc','Mortal Kombat Legends: Battle Of The Realms (2021)',_binary '\0','1 giờ 20 phút','2023-09-15',6,'2021',6,'https://firebasestorage.googleapis.com/v0/b/movie-online-1.appspot.com/o/Huy%E1%BB%81n%20Tho%E1%BA%A1i%20R%E1%BB%93ng%20%C4%90en-%20Cu%E1%BB%99c%20Chi%E1%BA%BFn%20C%E1%BB%A7a%20C%C3%A1c%20V%C6%B0%C6%A1ng%20Qu%E1%BB%91c%20-%20T%E1%BA%ADp%20Full.mp4?alt=media&token=0982560b-ea7f-46a2-b25b-d8ef29ab4ea2','https://firebasestorage.googleapis.com/v0/b/movie-online-2dcb1.appspot.com/o/trailer-movie%2FSPIDER-MAN-%20ACROSS%20THE%20SPIDER-VERSE%20-%20Official%20Trailer%20(HD).mp4?alt=media&token=48f602cb-08b0-46d9-adfd-3867fef48260'),(18,'Siêu Nhân Vô Hình The Invisible Superman 2023 Full HD Vietsub Thuyết Minh Ở một quốc gia Đông Nam Á tên Tân Gia, Bành Đại Tường là một thanh niên của thời đại mới. Anh ta là một người trẻ không mấy quan tâm đến cuộc sống xung quanh và dành phần lớn thời gian của mình nằm lì trên giường. Anh quản lý một cửa hàng mở khóa tại phố Đường Nhân.\nMột ngày nọ, cuộc sống bình thường của Bành Đại Tường bị đảo lộn khi anh tình cờ tiếp xúc với một chất liệu bí ẩn từ một ngôi sao xa lạ. Điều này biến anh trở nên trong suốt, mở ra một chuỗi sự kiện vừa hài hước vừa cảm động. Không biết đó là điềm may hay điềm xui, Bành Đại Tường dần nhận ra mình đang bị cuốn vào một âm mưu kinh hãi. Trong thời gian ngắn, anh trở thành mục tiêu của nhiều thế lực, với mọi người đều muốn tìm hiểu về khả năng đặc biệt của anh.\nTrong cuộc chiến giữa ba thế lực lớn, Bành Đại Tường phải dùng trí óc, sự dũng cảm và khả năng mới của mình để giải cứu bạn bè và chính mình khỏi sự hỗn loạn. Qua những trải nghiệm đầy thử thách, anh cũng hiểu ra giá trị của tình bạn và ý nghĩa thực sự của việc có một siêu năng lực. Cuối cùng, anh không chỉ mang lại bình yên cho phố Đường Nhân mà còn phát hiện ra bản thân và ý nghĩa thực sự của cuộc sống.\nBộ phim hứa hẹn mang đến cho khán giả những phút giây giải trí sảng khoái, kết hợp giữa yếu tố hài hước và hành động, cùng với những bài học về tình bạn và sự tự tin.','https://img.phimmoichillg.net/images/film/sieu-nhan-vo-hinh.jpg','Siêu Nhân Vô Hình','The Invisible Superman (2023)',_binary '\0','1 giờ 5 phút','2023-09-11',1,'2023',2,'https://firebasestorage.googleapis.com/v0/b/movie-online-2dcb1.appspot.com/o/movie%2FSi%C3%AAu%20Nh%C3%A2n%20V%C3%B4%20H%C3%ACnh%20-%20T%E1%BA%ADp%20Full.mp4?alt=media&token=510d6061-033f-42d6-b4ea-85c3fb837e5a','https://firebasestorage.googleapis.com/v0/b/movie-online-2dcb1.appspot.com/o/trailer-movie%2FSPIDER-MAN-%20ACROSS%20THE%20SPIDER-VERSE%20-%20Official%20Trailer%20(HD).mp4?alt=media&token=48f602cb-08b0-46d9-adfd-3867fef48260'),(19,'Sword Art Online: Khúc Scherzo Dưới Hoàng Hôn Ảm Đạm Sword Art Online the Movie Progressive Scherzo of Deep Night 2022 Full HD Vietsub Thuyết Minh Sau khi đánh bại một ông chủ khác và bước qua cánh cổng của tầng thứ năm, cặp đôi không hợp Kazuto \"Kirito\" Kirigaya và Asuna Yuuki được chào đón bằng một cảnh quan tuyệt đẹp với các tàn tích đổ nát và hầm mộ bao phủ trong bí ẩn. Nhưng cuộc phiêu lưu thần tiên này chỉ kéo dài trong thời gian ngắn. Sự căng thẳng giữa Dragon\'s Knights Brigade và Aincrad Liberation Squad - hai liên minh hàng đầu tập trung vào việc xóa bỏ Sword Art Online - tiếp tục gia tăng và đe dọa sự ổn định mong manh của nhóm chống địch tấn công hàng đầu.\nKirito và Asuna buộc phải hành động nhanh chóng, đặt một mục tiêu nguy hiểm và tập hợp một số ít đồng minh cho một nhiệm vụ nguy hiểm. Như kết quả, Asuna và Misumi \"Mito\" Tozawa phải đối mặt với mối quan hệ của họ sau sự suýt chết gần như đã tách họ ra ở tầng đầu tiên.','https://img.phimmoichillg.net/images/film/sword-art-online-khuc-scherzo-duoi-hoang-hon-am-dam.jpg','Sword Art Online: Khúc Scherzo Dưới Hoàng Hôn Ảm Đạm','Sword Art Online the Movie Progressive Scherzo of Deep Night (2022)',_binary '\0','1 giờ 40 phút','2023-09-14',1,'2022',3,'https://firebasestorage.googleapis.com/v0/b/movie-online-2dcb1.appspot.com/o/movie%2FSword%20Art%20Online-%20Kh%C3%BAc%20Scherzo%20D%C6%B0%E1%BB%9Bi%20Ho%C3%A0ng%20H%C3%B4n%20%E1%BA%A2m%20%C4%90%E1%BA%A1m%20-%20T%E1%BA%ADp%20Full.mp4?alt=media&token=60d956c5-232d-4ddf-9321-f1b190e2e3b5','https://firebasestorage.googleapis.com/v0/b/movie-online-2dcb1.appspot.com/o/trailer-movie%2FSPIDER-MAN-%20ACROSS%20THE%20SPIDER-VERSE%20-%20Official%20Trailer%20(HD).mp4?alt=media&token=48f602cb-08b0-46d9-adfd-3867fef48260'),(20,'Mặt Trời Rực Rỡ Bên Tôi kể về hành trình của Giản Băng và Thịnh Dương, hai người đã gặp nhau tình cờ và cùng nhau đi trên con đường trưởng thành và khám phá những cảm xúc đẹp của tình yêu. Bằng sự động viên và hỗ trợ từ nhau, họ vượt qua mọi khó khăn và xây dựng một gia đình hạnh phúc.','https://i.mpcdn.top/c/QAAr8nY/truong-tuong-tu.jpg?1692017461','MẶT TRỜI RỰC RỠ BÊN TÔI','Sunshine by My Side (2023)',_binary '\0','90:00','2023-09-11',1,'2023',2,'https://firebasestorage.googleapis.com/v0/b/movie-online-2dcb1.appspot.com/o/movie%2FM%E1%BA%B7t%20Tr%E1%BB%9Di%20R%E1%BB%B1c%20R%E1%BB%A1%20B%C3%AAn%20T%C3%B4i%20-%20T%E1%BA%ADp%201.mp4?alt=media&token=3de19273-7582-44b9-8109-98c7a3ffab08','https://firebasestorage.googleapis.com/v0/b/movie-online-2dcb1.appspot.com/o/trailer-movie%2FSPIDER-MAN-%20ACROSS%20THE%20SPIDER-VERSE%20-%20Official%20Trailer%20(HD).mp4?alt=media&token=48f602cb-08b0-46d9-adfd-3867fef48260'),(21,'Bộ phim kể về hai chàng trai trẻ Ki Joon (Park Seo Joon), Hee Yeol (Kang Ha Neul) và ước mơ được làm một cảnh sát dũng cảm, mạnh mẽ, sẵn sàng đương đầu với thử thách của họ. Bằng niềm đam mê cháy bỏng thực hiện ước mơ của mình, hai anh chàng đăng ký tham gia trường cảnh sát và phải trải qua huấn luyện cực kỳ nghiêm khắc bất kể ngày đêm. Đằng sau danh hiệu những chàng trai nhanh nhất, mạnh nhất, có năng lực nhất là hàng loạt những câu chuyện dở khóc dở cười như bất cứ sinh viên đại học nào cũng trải qua: học hành, thi cử, nhắc bài,…','https://static2.vieon.vn/vieplay-image/poster_v4/2023/03/01/hhhp8dg3_660x946-canhsattapsu.png','CẢNH SÁT TẬP SỰ','MIDNIGHT RUNNER(2017)',_binary '\0','109 phút','2023-09-25',1006,'2017',3,'https://firebasestorage.googleapis.com/v0/b/movie-online-2dcb1.appspot.com/o/movie%2FSword%20Art%20Online-%20Kh%C3%BAc%20Scherzo%20D%C6%B0%E1%BB%9Bi%20Ho%C3%A0ng%20H%C3%B4n%20%E1%BA%A2m%20%C4%90%E1%BA%A1m%20-%20T%E1%BA%ADp%20Full.mp4?alt=media&token=60d956c5-232d-4ddf-9321-f1b190e2e3b5','https://firebasestorage.googleapis.com/v0/b/movie-online-2dcb1.appspot.com/o/trailer-movie%2FThe%20Girl%20Who%20Escaped-%20The%20Kara%20Robinson%20Story%202023%20Trailer%20YouTube%20-%20Crime%20Drama%20Thriller%20Movie.mp4?alt=media&token=0f24935b-7aa0-43'),(22,'Nhiệm Vụ Kandahar - Kandahar đặc vụ CIA và người phiên dịch của anh ta được giao một nhiệm vụ bí mật tại Afghanistan. Nhiệm vụ của họ có thể liên quan đến tiết lộ thông tin quan trọng hoặc tiếp cận và thu thập thông tin về những tổ chức hoặc cá nhân nguy hiểm. Trong quá trình thực hiện nhiệm vụ, đặc vụ CIA và phiên dịch của anh ta phát hiện ra một âm mưu lớn hoặc bí mật nguy hiểm. Điều này có thể là một âm mưu khủng bố, buôn lậu ma túy, hoặc một sự kiện đe dọa đối với quốc gia hoặc cộng đồng. Khi họ quyết định tiết lộ sự thật, đặc vụ CIA và người phiên dịch của anh ta trở thành mục tiêu của lực lượng đặc biệt và phải chạy trốn để bảo vệ tính mạng của mình. Họ phải đối mặt với các cuộc truy đuổi, mưu đồ và cạm bẫy của kẻ thù, trong khi cố gắng giữ cho thông tin quan trọng của mình không rơi vào tay sai trái.','https://img.ophim1.com/uploads/movies/kandahar-thumb.jpg','KANDAHAR','Kandahar (2023)',_binary '\0','119:00','2023-09-24',1001,'2023',6,'https://firebasestorage.googleapis.com/v0/b/movie-online-1.appspot.com/o/Nhi%E1%BB%87m%20V%E1%BB%A5%20Kandahar%20-%20T%E1%BA%ADp%20Full.mp4?alt=media&token=0811b399-6206-475a-8f53-7910974ace37','https://firebasestorage.googleapis.com/v0/b/movie-online-2dcb1.appspot.com/o/trailer-movie%2FSPIDER-MAN-%20ACROSS%20THE%20SPIDER-VERSE%20-%20Official%20Trailer%20(HD).mp4?alt=media&token=48f602cb-08b0-46d9-adfd-3867fef48260'),(23,'The Moon: Nhiệm Vụ Cuối Cùng là một bộ phim chính kịch sinh tồn ngoài không gian của Hàn Quốc năm 2023 do Kim Yong-hwa viết kịch bản và đạo diễn, với sự tham gia của Sol Kyung-gu, Do Kyung-soo và Kim Hee-ae. Phim lấy mốc thời gian giả định vào năm 2029 khi tàu vũ trụ Woori-ho của Hàn Quốc bắt đầu cuộc hành trình tới Mặt trăng. Điều này đã thu hút sự chú ý của thế giới, nhưng một ngọn lửa Mặt trời bùng lên đã nhấn chìm con tàu vũ trụ, chỉ còn lại duy nhất thành viên phi hành đoàn Hwang Sun-woo (Doh Kyung Soo thủ vai) mắc kẹt tại Mặt trăng. Cựu giám đốc chuyến bay của Trung tâm vũ trụ Naro, Kim Jae-gook (Sul Kyung Gu thủ vai) và giám đốc quỹ đạo Mặt trăng của NASA, Yoon Moon-young (Kim Hee Ae thủ vai) đã tham gia vào một trận chiến khốc liệt chống lại các yếu tố ngoài không gian để đưa Sun-woo trở về an toàn.','https://img.ophim8.cc/uploads/movies/the-moon-nhiem-vu-cuoi-cung-thumb.jpg','THE MOON: NHIỆM VỤ CUỐI CÙNG','The Moon (2023)',_binary '\0','129:00','2023-09-23',10016,'2023',3,'https://firebasestorage.googleapis.com/v0/b/movie-online-2dcb1.appspot.com/o/movie%2FXem%20phim%20The%20Moon_%20Nhi%E1%BB%87m%20V%E1%BB%A5%20Cu%E1%BB%91i%20C%C3%B9ng%C2%A0%202023%20VIETSUB%20-%20Thuy%E1%BA%BFt%20Minh%20-%20Full%20HD%20-%20MotChill%20and%2012%20more%20pages%20-%20Personal%20-%20Microsoft%E2%80%8B%20Edge%202023-09-12%2020-15-52.mp4?alt=media&token=f2e37d92-ff19-4a85-aec1-7f70fb828263','https://firebasestorage.googleapis.com/v0/b/movie-online-2dcb1.appspot.com/o/trailer-movie%2FSPIDER-MAN-%20ACROSS%20THE%20SPIDER-VERSE%20-%20Official%20Trailer%20(HD).mp4?alt=media&token=48f602cb-08b0-46d9-adfd-3867fef48260'),(24,'Nữ Chủ Nhà Dâm Đãng kể về một người mẫu đang gặp khó khăn được giảm giá thuê lớn cho một căn hộ nhỏ. Cảm ơn người chăm sóc trẻ đã quan tâm đến anh ấy. Anh ta không hề biết rằng có ai đó đằng sau tấm gương đang theo dõi mọi hành động của anh ta.','https://i.mpcdn.top/c/x20o6q4/nu-chu-nha-dam-dang.jpg?1694063839','NỮ CHỦ NHÀ DÂM ĐÃNG','Paupahan (2023)',_binary '\0','91:00','2023-09-22',125,'2023',4,'https://firebasestorage.googleapis.com/v0/b/movie-online-2dcb1.appspot.com/o/movie%2FDownload.mp4?alt=media&token=2b0c1090-4340-4f00-85fb-0150c1afbbb6','https://firebasestorage.googleapis.com/v0/b/movie-online-2dcb1.appspot.com/o/trailer-movie%2FThe%20Girl%20Who%20Escaped-%20The%20Kara%20Robinson%20Story%202023%20Trailer%20YouTube%20-%20Crime%20Drama%20Thriller%20Movie.mp4?alt=media&token=0f24935b-7aa0-43'),(25,'Dracula: Quỷ Dữ Thức Tỉnh kể về một đoàn thủy thủ tham gia vào nhiệm vụ vận chuyển một “đơn hàng” bí ẩn từ Carpathia đến London trên con tàu Demeter huyền thoại. Hải trình tưởng chừng như đơn giản thế nhưng lại ẩn chứa một cơn ác mộng kinh hoàng khi “đơn hàng” họ vận chuyển đang dần thức tỉnh. Nỗi khiếp sợ chính thức mở ra khi một vài thủy thủ bắt đầu phát hiện những dấu hiệu bất thường trên tàu, sự ra đi hàng loạt của động vật, cho đến cái chết bí ẩn của người thủy thủ đã khiến cho chuyến hành trình đến London trở nên ám ảnh hơn bao giờ hết. Giờ đây, tất cả mọi người phải tranh giành sự sống với mọi giác quan để chống lại con quái vật khát máu đã thức tỉnh trên tàu – Dracula. Liệu họ có cập bến thành công? Hay kết cục chỉ còn là sự chết chóc và một con tàu vô chủ?\n ','https://i.mpcdn.top/c/kd9kbek/dracula-quy-du-thuc-tinh.jpg?1693500340','DRACULA: QUỶ DỮ THỨC TỈNH','The Last Voyage of the Demeter (2023)',_binary '\0','117:00','2023-09-21',124,'2023',11,'https://firebasestorage.googleapis.com/v0/b/movie-online-1.appspot.com/o/C%C6%A1n%20L%C5%A9%20Ch%E1%BA%BFt%20Ch%C3%B3c%20-%20T%E1%BA%ADp%20Full.mp4?alt=media&token=a9584cb3-c4d1-40fb-8db2-fe4aacb649e1','https://firebasestorage.googleapis.com/v0/b/movie-online-2dcb1.appspot.com/o/trailer-movie%2FSPIDER-MAN-%20ACROSS%20THE%20SPIDER-VERSE%20-%20Official%20Trailer%20(HD).mp4?alt=media&token=48f602cb-08b0-46d9-adfd-3867fef48260'),(26,'Gọi Hồn Quỷ Dữ Talk to Me 2023 Full HD Vietsub Thuyết Minh Bộ phim kể về cuộc sống của Mia (do Sophie Wilde thủ vai), một phụ nữ trẻ đang đối diện với sự mất mát gần đây của mẹ mình. Cô và nhóm bạn của mình đã phát hiện ra một niềm vui kỳ quái mới: họ sử dụng một bàn tay bị bảo tồn bí ẩn để liên lạc với thế giới linh hồn. Mặc dù các bạn của Mia thấy các buổi giao tiếp này chỉ là trò đùa và thậm chí quay video để đăng lên mạng xã hội, Mia lại có phản ứng cảm xúc mạnh mẽ hơn. Sự thờ ơ và bất cẩn của nhóm bạn đối với thế giới bên kia đã gây ra những thế lực kinh dị và đe dọa tính mạng của họ.\nTừ đó, câu chuyện của \"Talk to Me\" sẽ tiết lộ cách nhóm bạn của Mia phải đối mặt với những nguy hiểm đáng sợ do sự tò mò và không tôn trọng đối với các linh hồn đã khuất. Phim hứa hẹn mang đến cho khán giả những cảm xúc kinh dị và siêu nhiên trong một bối cảnh hiện đại, với những tình tiết căng thẳng và kịch tính trong suốt cuộc hành trình của nhóm bạn trẻ.','data:image/jpeg;base64,/9j/4AAQSkZJRgABAQAAAQABAAD/2wCEAAoHCBUVFBcVFRQYGBcaGhodHBsaGxsbGhobGhobHRsaGhsdICwkHR0pHhoYJTYlKS4wMzM0GiI5PjkyPSwyMzABCwsLEA4QHRISHjQpJCo0MjIzMjIyMjQ0MjIyMjIyMjIyMjIyMjIyMjIyMjIyMjIyMjIyMjIyMjIyNDIyMjIyMv/AABEIAREAuAMBIgACEQEDEQH/xAAbAAACAwEBAQAAAAAAAAAAAAAABAIDBQYBB//EAEMQAAEDAgQDBgQEAwYEBwEAAAEAAhEDIQQSMUEFUWETInGBkfAyobHBBhRC0SNS4RVicoKS8UOys9IkM1NUY3SiFv/EABoBAAIDAQEAAAAAAAAAAAAAAAADAQIEBQb/xAAwEQACAgEEAgAEBAYDAQAAAAAAAQIRAwQSITFBURMiYZEyQnHBFCOBsdHwFVKhBf/aAAwDAQACEQMRAD8A4LC4aBJWdj7ldE6lDbLnseIcQseKe6VnoNdiWPEoozigFDl4FtOASJRK8QigslmXucquV4UbQ3ss7QqJeVGUIpEOTJCoUB6cwbKDm1O1e5jmslmVucPfOjrjKCLeJmbQW2YTBFzAcTUANIl57KS2r+lgGa7biT0N72o5pcNE8+zJDlax6txVOiKVJ1Oo91Vwd2jSzK1hB7uV096R9NtEs1ytw0Wi2mOYbFEOHKV0WCx28rkcybwuKhZ82FTR0NJrHD5X0zsDjjzVL8ddYzMRKrdUI3WNadG/4yXJvt4iefvmpNxptf2FiUq0iVN2IA38lDwL0NWRVdm4zGFVVXucVn4WrPRauHulSgoMfCVq0MYNhtKFoYRiFllPkt8Q5+g/M1YfGaBF1rcNdFlPiuHzNK6GOWzIGox/HwfU4teBX1qeWQq2PgRC6iZ5KUadMvoVmANDqeaC4nQEhwaAJ1t3yOpHJeGqzM0lgADA0gAfFlIzRuZh0HWIsl0AIpFR381TDswpiJda25flInlmaP8AINZtTh67WgBzA6HA7XAB7pOsExMbSqHBeAIpUQxk1mZqZDO603BiXjOSM0RPdhvkTupVKtIzDC2ckGQS0NAB5A5u8TpfL1SwbK9yqOCaZfRxLGhssBc12bNziTldzbOXl+rWRHlWswsytp5TmkOJk5ZdDT17wvvlFrKYxrwAIZAj9DNjI2+WlyoNxzwZAZoB8DdA0tG17HdFPugJHE0+/wDwxecund7tQAA7wXMMm5yqdWqxwIZTiclyBIytIdB17xynxB5qP5xxEHIRJN2N3M2MWvy000VNK1lFFork0iabgYpAS0DaxDXNLh4uc115+Hwge1pzRSF2wL3aZdBmLwHNb1DZsdPcM0HxWpTwogWWaeTadXFoozVmcXtDswZAId3TBAJzZYtfLLdbnL1gALXR/D0BBgwTLGNnoQQ9w2lw6pnFYcDWw+irw7ZiFXemrGPTfNtYmyg6NdOl56+a8YwarfZghF1VUwoaYIVPjpjv4LbRm4dxBXRYAyk8PhAStvB4eIlZs+WLRqw4pQXJqYCnfRCewgAgIXLlPkpK7Pn2BctR9MObdc1g8TC28Niwd12M0GnaNWkzQnGmYfGcIB3ljGF2PEaYc0rkqrMpIhbNPk3R5OJ/9TBsybl0ykqeZeAozLSclcHkL1lOSvHOXgcp5I4smW3hWNZZQbKcpsEXF1STodjhuYsKcmF4aYBTzB/duoPIJ0VN7sdLAkrFgzogs6J2m5u4+SuYxmouqudDYabd00UUybHRbGFxVtJS5awjT3ZP4JjREarLlmmuUdfT4ZRdJiPE6heIA8T4JbC4h1MDumNptP7rqHYdrvJTfgmmARZIWoio7Wh0tJJy3J0yjDfxII0K3WYBjh3gJSuEoBmlloUqgtqsOWbb+UfKLo8pcHaCIiLbStejw8N2F9be7KFKuw7/AClM/nGAXKxylOXZlnKb4KMTQDbi3P5IVONxrXCAbIVoxdF8cJVyfJn4UgSF5SqEFblGlPhzUn8Na7bK779V3/jrqRnelrmLE2Vcwus3iGFtICdxNN9Iw9sdRcHwKg5lR4MU3EeBVoPa7XQZqyQcZdmAWLzKtZ+Bqtkmm/8A0k/RJuAOy1RyJ9HEnpnHsUyoyp1lKVCuyFZT8C5YGlZQyUwx53VUqTCh8k4/lfY32l7WUSDKiAphqX0beZEmEwbIbUOynMJhr2xEXS2/oaIY/rRGnV5rSwT+ixXu9j7K/D4mNT59D9tFTJjtcD8OdRlUjp24oATZWjFjnC5xuNGhsfr799JGq60cvZtssj05uWoi+jpWYnqpYnEZADOq56jioIzEbe/knuK4mm9jY1i6U8NSSGrKmrRf+fAOxleY7jEhoFuq56pTiIOqVrkgxm/otEdNFtGTNqnBW0deeJU3Uw0a8xqhcdSxEHVCZ/Boyf8AJL0dQCB3iNeYgg8xHkm6TCRJGUdZE+A1hJ4ZmXeTHp/hH3Teaf5tL25xqdQskjpIZdVB7uonlO6KLNyZInofNqlhqYi3rJ+qsc9o3m4Gmp6SL+AvZJb8IgsY8CJtPI6+/ulsVQoOMvpMceZAmdLkbLx7rGYMy3LqdCSA0XPiY+izavEQ2RmDu8bmxgTlZbQRuecq2OMm7iRKMfJdU4bhyYFPLfRsz4QDr+yz8RwGm/4XOHofPw/ZWsxWexbAOkua7oJt47ze3NWmu0GDUgCNYJj+S1gIHxCRbmnxeSL7/cq8WOUaa4MKv+H6g+Ah3yKRq8Pqsu5jo6CfpoumdjNw8OJ0ZcuPLvctDMDVesxwvpAtdxac3Lva210WiOfIu1ZknocL6dHJNTDHc10lbC0HtcXMg5S6W2ItYH+Y+SrwmFp04d+oDUjvT/hzuAuYkRYaAq71EWuikNHKMqvgx6dNzhLRI56D1PmovtMwfAj6+JC08e19QA2MHafC5drpqkP7OqXJDb+ZtyOg35KYTT7ZOTFJcRTYk8gnkL/RePfafXl9la/APBk6yIAufeirbRc4xl+5vvrdPTj7ME4ZLpxJYao1wgmCNLb9Ikxv7g3vcdiJ1HeEEDcAnXwQ3g9SQWgPbcyJIAEzO42t18V6aJIMmH7CI5anf/a83NW4vpl4b1w1yArF0BwF4gjf0+3PRRmefh0+iTlw2MdNP8qsNcjUDczEXFvWfVT8P0C1H/YZfTOs6ajlzN9rgpPFEgwVdh8RE3uCI5iJv1A08FdjaQBY4N7j25gDcAEwWzyBsOQyoXyvkMj+JG4mYz3+yFoYjCw0FotEzBMt3k82mZ6EFCZuMcsTi6Ogp1JMT4nTw5aLUwtM63J2ubePz33SGEpC1vSYjXa2q28OCB9b2Hj0suHllXCPULovLBaNyLiw3gjlfkl6zwCSSMoHNvImO9rq3Tc9FOq4XzECN3W1Nmy5pGmbTSyQqVQQSO8wCzTLmyRZ+Z8aDXnsEqEWyEjP4k9wBzawGjJdjTqQRPx2EbRJCwySTJ+UD6JzEvDvSNINv8x1180g94Gq6eKNKjPlfvovM3JMep+Xh9E3hMDUrSGttN3XygzctGhMWtyvCjwrB9r33TkmLauO4b0/veIG8ddgHsY5ogAACwgQPBKzZdnC7Jit0bXX9xPC/hIG7y5xPUjytf5rVH4UpgD+G2Z/U0v/AOY6rbpYhsjbp06+k/JaeL43Rp05ME8jz6iNLLLDJOV26M2TJNNKMbOTb+FyNg1o1hoaJ6NCVxvCqVNoJqOc4zAAAmN9ytbF8YD2F73NaQC8lx7rGD4SRPecTYN3PILl+IV+0eyr2wc19Oq5rslQML6R77GF7WtcC3dsgFp13ZHHOXK6HQzuLSm6+iMziLnU3B0dw9NLXHjBC3cNwpzmgx8QBHgQkOK45kUQRMO7wMd4OERMWn+t19HwHD6baVNlnNDWgGJkQDIgXGvqpkpOK9ls+peJs453AQ4ST4Rz9mJ6+K57ifAq1MkgZ2GTmgEgEg95sj1HoNF9gpMo7NMno77D6pTHtow6S0GNHy0XPlGnNWhvhzaZker3ummfCn1nslpa3zBafMECdFFlV7pLWGLk/wAthAM7RYTZdL+JSHOexlmsOYnQ6RkYOZdn/wBM8p52mwAhsn4hAvEkEGdi4A/FeFvxyUo3QvLGW5JS4/3gg10gulxE84MWF9Y8QlKrw4xEX2NrTqFKrXBJEGB8wD0ERG3irsjAAXDUbEXNrgRr1mE5cGST3cJ8Lspps+HS950A2Ecz03stV2IApgNgCbXvIt4Gx15RyCVwtJlQ5AAXH4Q4xJJu0cnG4FyDOyqxDSMpBg2PI92TPS0eMiOSrJKTovjm8abXKHexyuaWtInK65iARDokGWfF0ixuIQvaXE4a1pmAZmLtmzssaSQP9PkhLal6HKWN+TqMNT29iOc9fsn2yYtbQAxc7tiCepP1JS7GGwh19IN4vc7eUqNWpF8hg2zkSGn4YblI7xIibEaLjP5mdoMTWDTFrugtlsAaGJlxeWbyNRuuf4hiSXHNJOhDsu2k5bEgyd9ehTPFMQ4Atz6tHdabRoIMwIiS0bnoCOaxeJLjkZqbEhb9PhvkzajOsa/3k9xPEYMN7x59eSd4LwR1c9pVkU2k2Fi4jYcgNz5C8w7+H+BNqOgiWj4jt0HMk2su6o1KTQ1je6wNAsP/AMtHPSPH0nPqVjW2C59mSOCc5KeV2u6X7nI45uIJy0mFrBYZQBYWAHLlAWfg6NSC8tdna496ZuIkHvaaj1XecWc45aNFhD3CXWIbSpxBe8jTQyehA1BPnD8HSbw//IHuJAETmIMbaH1SVkah0ad8XJPn9PV9HK0eNOI1PNe1ceX2J380O4S8gVWUzlcTckAOMxAB1P7FbOF/CtR9IVGMkS4EfqBFiHN1F59EPb2kalkUfxNLwcbjsaXMe2+pkXgiI5xoCkaeNqPNOlnc6nTkMaYAbnMu0FySTfyT3EsE5j3sgzoREGeRGyVwtAZgGib2GpLjaT9At0JRUHRyc+Oc80X6/wAmjiHF1Wm0Wy3J5S63hoF9R4ax3ZtmodL3GlrAnbTVfOmcOJrguADWZfMhdRVxb4EHb06hc/PPhKJunhlO/wBTsaOJDRPLW48pvGs/Jc5x/jBLXMbOYRml2WBBgzIOp1E67ErJdxN7bZjHiQJ5wFkcYOdvfcZEwfpHLRUgpNpPoiGjUG5Pk53H1QXHKZjU6SdBbbl6a6pZ1TuQRlMagWI5ayPumn4FwDSf1EwN4EX8CT8is/FgixJ82hp8xmMLrYqfCObqXKNtohSqNFi2RB2zSdhsQPNRg3MfTytsLqzDUXOcGiZIBJj4QdzNgIvOqaqYNohodO8nMA694gSRaZIH3TW0mY445SVimYDSJMyOVrwPmrXVXu70mTBOtzpInUi/sKlzCCbyOWk7WJ18l460EGBHO5nYj5EqaK21aZJ3eiOs9IgGOZ5eKFEtMAHpaNNDB695Ckrf0Po722ywCdYNrTqSIi1+8TdZ2LxWocSWxBlsZgQZ1MtNjFtlDiXFw3ZuW+YOkGdS2QZgzEaGFynEuLOqEgExzOpmDbkPdlydPppS7PSanWY8Me+fQYzHyco13cLDQaDTYeinwfBuc7MGmAYmDEgF0TpoPmslq6/hLQzDucZ7zCW2IlxeGyCRBHde2x18l0MvyQqPk42mk9RmuT65Ow4ZiaVCiWhgJIIE721PMzJ8vBc+3HufVbeYOczpDYywOWqTfi+4AD09Vk0MWWucZglsWWCGBu2+zuSnDG1Xns+sCP7PxGIeHOqV2OLntsIc0tYNfhaDGnNcVhuKucRTDzEkZZMZRIgj3ZPYni7n8OLO2aGhrGhmQycuWczpuO6bAD7LisHiCx8jSforQxb4v2jLGfwpU+m/svB9ldgAaVBgqNDQ0Rl1knMd9b6+Nlu4fEZQBIiYkc9PEmy+H1fxBUAgE6+Q8uaqb+JsR/6h9Sqx02RO0IzLG/lcr78ez7Rxfg1DFyarQ6B3XTleByBF46FcJW4TTwdRzmiQCcoJzQOU+q5Nn4mxAPxx6/v1UncXqVPjdKmeHI+H155GaWUISrda9HQsxYJzBsIOIJvPyWbgKnPzT9elaZ+qzygk6OunaIueNSQPU399EvVLnAlrREXJgNvzm3LqqMRVPX31WVi65PPp08Nk7HjbFZsqgrZPEPc2QC4cw2dNgsypQLnfxHCSdJzE+JEx4m6bZhqjoyuaJ5ugnbTXzhNv4bkbL2kOg21EbAAAEmYESZW2LUOL5ORlhLLzXC99GVja0SGvnmb94wN+Q08kkahuSZ3ve+n2TFWg9xjLEWym0RrJ9eqprUMlpn5Dy5+9FohSVHNzObbdcFmcgCHeRAHjYSPptZe4ZjZl0kDkYvaJMG2g5qgPsRHhforc8CI1uefWCpaFxabtk6tVpJyiBmJg7TsCAARa1ghVtFzHjHPmhFE7mQxWJdUdLj4DYeCXU4U2MlWVRVIU903b5ZFjVoUKhbReLwajB5gPJ+jUq1kFN1hFGmJ+Jz3nw7rG/Nr/AFVJNOkOxJxtoZq0zlDgZBva48Uu9kix97pehinMkat5deY5H6pltUOuPfklbXE3rLHJ9H6GMBjB8D4vPedsDt6pTIQY5FQrMB8V7RcdHGeSlRStoq8kpVGXjphiWGx5jZUsaYWlkBgmNF45gQp8UTPTtvdYi2hOqsY7KQR5dbwrg+XRsEg+o7f4CSB0ufTn5KVcuxMnHHyjfwuKuLxOicr4oiwJA6z56rAk9mHDbX1j6/VNU6+ZsrNPCrs62LVOtr7pNFz6839+iTqVCpvKoqOTIRRnz5ZNcs8djXCzYbziZ9ZKBiJ+Nx+vPmYn3CVMeyou9Cfl4JygjnPPPy/6DdTHgAim2Bu4wSfsB4+iX7R8EkugmTMwTvc7xb/ZU5LiB78VJ4gSTJ/ZXUUuhMskpcv/AAiXbERBv1A+UrxpnW5Ou+nXzjyVA5qTXxurUL3PyMOhp0vznX9x4QheA2jS8jz6+9kKC9o+iM4PhGfDRYbfqlx2/mnl7le/kMP/AO3pA/4R9tEVHzoed+cGDF78plKufETHzETy5X81wE8j7k/uz1KwY0q2r7F/9k4U60G76Fw3nZ1yo4nBUMtqDLC1tB3jAEm0k+t1S2tO4+Wlue9z71t7QkRJO06iLaTHe6a9FNzT5b+7BYcad7V9jmOJ0xmIyNbe0NaBp08/mst9MC7bLrsbTafigAzAi8WGmsnYW84WBj8KQSR19mwgx5/NdLDktUYNXpu5RERWvDtefNSa0ayqnNnX9vZQ15GvvlK0V6Oapu/mNNlSypqu1S4qQpPfaTuqKFM0yzqUaK2vgpOrTufVNPgqpwTY8GHIr4NDAOmnB3zJTDPykgobVIAgqgyXSoUeWNllpRrtcDr6qXfUUXAqlzlMYIXkzN9knFX5+eWR4ftdKFysy6AHWJ6Tc/JXaExmyypVcdTA0sAPK23RUgyZvHuwQ4gnpCLnw+SlKispNvk8cZ2gckMbPvkvHOn39VMPAFhfnt4jrqghd8lrHAGHaEbe+SFU1tvNCKLbn6O9r4kkB2pzAERLYmx3OaTO+u2qTfiiCQTEAnutvH8390EgiB5lIHEv/U0G3ha5t+kk39FB2MB1BBIGvLa48r9Vy1i+h6h54+6/UffiIgkEmJ3zEC4NoA9Rr1VLcT1uBNnAyDzIAAN+g0F5SoqNPwnQ7b5Raeem+niq3TIn9JPKJP1Ol1dY0KlmfaNRuLAHxNBt4HrPxDN4CCJAKSrVgQTmA3M8wL5W2nzga2vCSqEmdiL8rixPml6tQ/Pf19+aZDEvBny6ppcllRok2NtZ39CVS4W97/abWVRrHp/svO2d78FoUWc2WWLJuZ7HvmvCw7H5bKs1T0XnbO5fVWpinOJPKVLL1VWd2kIa506qaZXciwawYHiohx2j31T3DMS5rpETEgkS6RyOulrFV8RqS65BcA1pIGpa0NmT0A85VdzuqGuC2bkzPc926jKk668hNMjZ6BMcpge/eqs1vsoMbvy9lTcdvVQy6IBslSJ/r+y9bfp9lBx9/dBHg8hDQgOUmuvdSQSAA9x6oUCb2shFBZ9PxHB6Tjf5WGl/OLeHms6rwCiNXOHmBHISRdJP4rmEF8GNRLZI3da5mL/uof2iRID5m87yRew6RrouJDHlivxM9bJ4pd0y9/4cpWh758Wz528fVR//AJ6kP+I8aC5b4kXCop4zLMQXHVxJnxjS99lKnjqgmXSPAEm03n+upTP5vsW8WHuiX9hMGtZ0Raw3kTO+v33VT/w8w6VHHrAAEWOyt/tCpe8NmwFu7EZbCIt81U/GPMguJAsO8QekkRMDbp62Ty+yHiwVTj/cTrcEAsHEz4CLxJ0tb1Cz6uEDdRzsdRG5g6WNzGoW0/FugyTlEQNGnabi9gLEa7Qk6rswk7bbi9yNzqeXxarRjnP8zMmfBhr5FQhSpAiYG9/CDI6KDwBO23K9z5W9Ve6ncWF4+kRF/PcQVVXYZ6bciTGnUz9U5O2YJRpdFTxFyLEW+QlQUX7qATEjLJ8mhhHkNfAEgZvCDf8AfySbnyU9wqmW1WucCACDMW+txHKVZx3DNY8lrbOuDcZTNwNjz80tTSlt9miWOcsKl4XFfuZQKCFAPRmTqMdlpcokqGZEooNww5wgQqCiV6ChKgbsEFeSvZUkA1qF5KEAbj5B0IkQLEamN/p9EsXfY/T7Qtt2K0u243I5wQYPzVT8Re+XaIM6zfTofRYFJ+j0Msaf5v8AwyRU9mPp72VrK3Lw/wBk33DMNbF5MADzMWK8dhaZ5jWCD4fsp3R8oUoTX4WmUGsdhIH7yEGrOuvoReJ8f6L1+A5OnWxtz5JephXtGgI1tfTwClbX5IlPJHtF3a3ERvflJ0E6X+6r7WJIiOlgDJEgffmEs5xHMH6bqBd/t4n9kxRM8s7HjVgRJ3O521k6fDvznkqnOHXMRz38dry5Kl58rfLp6oa7r/Tayso0Llnste2ZG5MyZ2sR+3gq80ARfUGfURtEfQqwAm49Z+X0UAzQe58/dlKFyd9GhgeJ5W5XCR1uDI+Y+d0/ismIpENs7VoOzomJ5EW9Fzzh6ei0OGPIcLxOx31hKnjS+ZdmrBqHL+XLlPgwiESrcTGd8aZnR4SVAtWpdHLap0eSvEIUkAiUIQB6CvJQhAAhCEAabMSCIPXrc66qLsUQ6Zj9iI32USxpPdn2PqlMRqqKMWOeScX2PtxhBEG0aajTb0V7MWb7k6DpAgeu/gsVWU3bFVeOJaGpmvJuMxUi0DQkmdN7K8VQff7fZYhaVNlQi23n9vNKeJeDXDVy/MjZfOjmnnBG0i8cpVFTCtOrSIsdRpOv+l3oeSi7ij35g4jvgg2bpmL/APnJd59Fa/iFR2bvTmGV1hJAmAbf1sq7XEb8WM+0mJ1+HwdSDyIv7leMYWsLTSDjPxgmwFy0iI0Dr668k07FOBkuvDRJA/SAG67w0X/dBrPYw/pp1JAJZ3XWLTlJtYOIkczorxkzPkxw8cf1IMxLASPylpgjM/UGYmJDo/rKBVYS4dgSXQAC5wcHBpEafFMGDOkXUH8QqEg5gSC5wcGt1ce9HQnyVB4hUmZE5xU0H/mCTm9SbaJq5MsrRf27A6fy8y6WgucRAgFuUjvDM0zPONFZhx3jlpvYJAjvuh1hEkakmYOkhLMrlxZJgsNjAj4nPvz7xJ31TNHG1B+v9YeZAJzgth0no1ttLKJdUWxtppox3UnFxhrr3FjoXQDbqQPFR/Lv/kdrHwnUCY01jZXNx1QRBAytDRYfCHh4H+oAr08SqfzE3c4g3BL25HTOvdt0kxCaIF3UyBJBHiCBqR9Wu9DyVaZxOMfUHfMmSZgT3nOcZIH8znH/ADFLIIBCESgAQhCABCEIAvZVIvK8fUnWL9Ao9qevy/Zeir4+v9Op9VFE39TS4bwN1Wmaz6jKNEOy9pUJhzonKxrQXPdFzAso8U4M6kxtRtSnVpOcWh7CbOAktc1wDmmLwQuhOBfjOG4cYYGpUwxrNq0m3fFR4e2oG6uBDQLcuijxrhVClgcz8G/DYl7mtptfVc572NE1KjmEDI3QCRcm2iCBPB/h49kx1fE0MP2jQ6m2oXl72HR5axpyMN4c6J+aqxnAKtOtTouyE1Szs6jXZqbw9wa17XgXbJ1iei0PxhwytiK/5rD06lajWDHMdTaX5YY1vZuDQcrm5Yg8lokGkOGYSoR29PEB9RsyaYqVmFlNx2dALi3bMFVobGXg4/H4Z1Gq+k6CWPew8iWEtt0Mb81p4vhD6eLGEc5rnl7Kee+WX5YNwTALo/3Vf4ub/wCKxJ/+ar/1HCCOa7LinFw3iwpflcM4/mKLO0dTJqXcwTnzfEJsYiwVasspNdHK0ODVH4irQAZ/Cc/tHl2RjG03lrnudHdBtFiSSLFdHxai2vhuywbqDmUy57qVPtA8tbbM1tRoLyP1ObGYwSBCrpN7apxHDNIFapVD6YMNz9nUqOdTBOru8HAb5TySv4Z4TXw+Ibia7HUaVHM57ntLM3dcBTZm+NziYgDQySopDG21yYmF4BWq4apiabQ5rHlj26vEMDs4jUQ6EngeFOq0q9VrgG0QwkEXdndlERyiZ3XWcP4lUo4GpWpdxwxsgagg0RLXDQtIsR/ROThqmBxuJoEU3VG0RUo/yVG1JJb/AHDm+StETO/JwnCsBVxFRtKkJcZNyA1jWjM57nGzWtAknp1hdBhPw5RqO7KjjqVWvFqZpvph5G1Oo6znawCBMJX8F16YrVqVR7aYxFB9Fr3WDXuLHNk7NOXKfFb/AOHfwPW7SaralCoyqx7XnK6lUY17TDHC/aSJaN5GilkRfJxeH4G99HE1Zy/lzTDmEd4mo9zY6ZcplRp8InCtxReAw1zRIyklsMa8v1vZ2nRddhqhxLuK0qbIq1XsqMpGA5wZUeXNA3eA5tvFZ3FMK/DcMp0KzTTqvxL6opus9rOzZTaXt/TLg6AdQCVcWNVuEV2h3D3upmgxv5gYjIMopZSQ5sXJc50XJJMDQLj8DgjUr06IcAaj2MDjoM7g0EjzXVVOLVDwakwn/jvpz+osptZUYwndodUcQPDkuf8AwrfHYT/7FL/qNQBqYv8AB/dq/l8VTrvpSalNrXMqANMOc1rviA6Kjhvb4XDDF03U8tR7qbmuYx5IYASDnae6c2g1gcgunw/CauEx1bG12mlQYa5bnIBrFwe1lOm2ZdOYGYgAXWZhsE/FcM7Ogw1KlPEvc9jLvDXsblcG6kSCEAJfiDD0/wArQrvaPzNcvqFzJDOzktDS34Q6RYNAAAXKrrvxkwspYOg61SlQAe2QSxznudldGjgCJG0rkUACEIQAIQhAFuHxD6bszHuY7+Zji0+ouiviHvJc97nOOrnElx8SblVIQBp8J4xUw/aBhdD2ObAe9oaXRDwGOEuG0yLpSnVObMCZBmZMzMzOszvql1OmUMEOmqT3sxLpMzeZ5k6zJ1TtJ7ahDszhUmbknMdix2odpb0OyyJhXUXiQSJHQwfCUtobGQ26q6YJNjrJzW0mDJOl+fmp4jG1HxnqPeBYZnF2XwkwBFrckqKxidTz9+/FXnDuEyRuT3h1311+qo+BtqioOIESQNY/TMa6RP8ARQa4iYJE6iTcawRurjSN7i2bQ/ym/nOyH4dwMEi5jXc/LdFlXTFi3b6/RM4aq8QMxyjQZjA8OX9VJtDQHeAL2/V/2n5c0EZRJgT1uddvBS5XwEYpO7EsW1wfmk3MgzeddeaqNdxMuJdOsmZ8Z1TdeHt6i4WemQdoVkST4JuMaEwfReNeQQQYI0IsQvAfReKxQtq4l7vie53+Ik/VFCu9hzMe5jtJa4tMcpCqQgCVR5cZJJPVRQhAAhCEACEIQBdhjDvLx+qbNQ8ho4aAXMRN+izkIAfxjwW2bGuwGpEaJVtP+831VS9QA6aTInPPTny+3z5JV7YMoY5WTsqkoa4U9nbUjULcgezNnEty5hmzCDIiVbTFPsC0uZn7ZkE6huVwc6QJyZsn7LLcI0Um1OkqHC3dk7qOhwlfChlEOyZg9ufuky0Prl+Y5btLThwJkCDaxlcmicVmbUptpdo6Mze6GtAIlpaW96YFokEwBCx+15D36Ic+RGUD6qvwld2ydzNypVw7qYDezY81BfK4tH8SoS4ktk0chpAN1lp7uqjiq1H/AMTHZ97IKeVo+JpplzgMgy5gHTBaAS4AGQsXtN4E38L9EEztCPhJO7ZG4sY5KhXOdZUpiIbBCJQpIGMOad84JvaPvfwVrXUd2n5/9ySQgAQhCABCEIAEIQgAQhCABCEIAkxTCEKGCPH6KsIQhAySAhCsBIaoK9QgDx2irQhQgBCEIAEIQgAQhCABCEIA/9k=','Gọi Hồn Quỷ Dữ','Talk to Me (2023)',_binary '\0','1 giờ 35 phút','2023-09-21',5,'2023',6,'https://firebasestorage.googleapis.com/v0/b/movie-online-2dcb1.appspot.com/o/movie%2FG%E1%BB%8Di%20H%E1%BB%93n%20Qu%E1%BB%B7%20D%E1%BB%AF%20-%20T%E1%BA%ADp%20Full.mp4?alt=media&token=347beaac-e816-4f71-913b-36e487d914b1','https://firebasestorage.googleapis.com/v0/b/movie-online-2dcb1.appspot.com/o/trailer-movie%2FSPIDER-MAN-%20ACROSS%20THE%20SPIDER-VERSE%20-%20Official%20Trailer%20(HD).mp4?alt=media&token=48f602cb-08b0-46d9-adfd-3867fef48260');
/*!40000 ALTER TABLE `movie` ENABLE KEYS */;
UNLOCK TABLES;

--
-- Table structure for table `movie_actors`
--

DROP TABLE IF EXISTS `movie_actors`;
/*!40101 SET @saved_cs_client     = @@character_set_client */;
/*!50503 SET character_set_client = utf8mb4 */;
CREATE TABLE `movie_actors` (
  `id_movie` bigint NOT NULL,
  `id_actors` bigint NOT NULL,
  KEY `FKa8j8xe50wnlm031u98rabyhq9` (`id_actors`),
  KEY `FKj9r5dda088r0q8yuv3d5drxyh` (`id_movie`)
) ENGINE=MyISAM DEFAULT CHARSET=utf8mb4 COLLATE=utf8mb4_0900_ai_ci;
/*!40101 SET character_set_client = @saved_cs_client */;

--
-- Dumping data for table `movie_actors`
--

LOCK TABLES `movie_actors` WRITE;
/*!40000 ALTER TABLE `movie_actors` DISABLE KEYS */;
INSERT INTO `movie_actors` VALUES (1,44),(1,45),(1,46),(2,47),(2,48),(2,49),(5,60),(3,50),(3,51),(3,52),(3,53),(3,54),(4,55),(4,56),(4,57),(4,58),(4,59),(22,11),(22,12),(22,13),(22,14),(22,15),(22,16),(22,17),(22,18),(22,19),(22,20),(21,21),(21,22),(21,23),(21,24),(23,25),(23,26),(23,27),(23,28),(23,29),(23,30),(23,31),(23,32),(23,33),(23,34),(24,35),(24,36),(24,37),(24,38),(24,39),(24,40),(13,41),(13,42),(13,43),(5,61),(5,62),(5,63),(5,64),(5,65),(6,66),(6,67),(6,68),(6,69),(6,70),(7,71),(7,72),(7,73),(7,74),(7,75),(7,76),(7,77),(7,78),(7,79),(7,80),(7,81),(7,82),(7,83),(8,84),(8,85),(8,86),(8,87),(8,88),(8,89),(9,90),(9,91),(9,92),(10,93),(10,94),(11,95),(11,96),(12,97),(12,98),(14,99),(14,100),(14,101),(15,102),(15,103),(15,104),(16,105),(16,106),(16,107),(16,108),(16,109),(18,110),(18,111),(18,112),(18,113),(19,115),(19,116),(19,117),(19,118),(19,119),(19,120),(19,121),(19,122),(19,123),(19,124),(20,1),(20,2),(20,3),(25,126),(25,127),(25,128),(26,129),(26,130),(26,131);
/*!40000 ALTER TABLE `movie_actors` ENABLE KEYS */;
UNLOCK TABLES;

--
-- Table structure for table `movie_authors`
--

DROP TABLE IF EXISTS `movie_authors`;
/*!40101 SET @saved_cs_client     = @@character_set_client */;
/*!50503 SET character_set_client = utf8mb4 */;
CREATE TABLE `movie_authors` (
  `id_movie` bigint NOT NULL,
  `id_authors` bigint NOT NULL,
  KEY `FK7cjinh8vajakcjovi19am3ry5` (`id_authors`),
  KEY `FK19e5alden13nsya6he8xx3y45` (`id_movie`)
) ENGINE=MyISAM DEFAULT CHARSET=utf8mb4 COLLATE=utf8mb4_0900_ai_ci;
/*!40101 SET character_set_client = @saved_cs_client */;

--
-- Dumping data for table `movie_authors`
--

LOCK TABLES `movie_authors` WRITE;
/*!40000 ALTER TABLE `movie_authors` DISABLE KEYS */;
INSERT INTO `movie_authors` VALUES (1,22),(18,42),(2,31),(16,41),(3,32),(15,40),(14,39),(4,1),(5,33),(11,38),(6,34),(9,37),(7,35),(8,36),(22,21),(21,22),(23,22),(24,24),(13,25),(13,26),(13,27),(19,43),(20,44),(20,45),(21,46),(22,47),(25,47),(26,48),(26,49);
/*!40000 ALTER TABLE `movie_authors` ENABLE KEYS */;
UNLOCK TABLES;

--
-- Table structure for table `movie_categorys`
--

DROP TABLE IF EXISTS `movie_categorys`;
/*!40101 SET @saved_cs_client     = @@character_set_client */;
/*!50503 SET character_set_client = utf8mb4 */;
CREATE TABLE `movie_categorys` (
  `id_movie` bigint NOT NULL,
  `id_categorys` bigint NOT NULL,
  KEY `FKnbbysg0lyrbnqgqlcgnybe692` (`id_categorys`),
  KEY `FK48vuxwj8oosih8baugbndeyh1` (`id_movie`)
) ENGINE=MyISAM DEFAULT CHARSET=utf8mb4 COLLATE=utf8mb4_0900_ai_ci;
/*!40101 SET character_set_client = @saved_cs_client */;

--
-- Dumping data for table `movie_categorys`
--

LOCK TABLES `movie_categorys` WRITE;
/*!40000 ALTER TABLE `movie_categorys` DISABLE KEYS */;
INSERT INTO `movie_categorys` VALUES (1,3),(1,7),(15,12),(18,6),(14,7),(3,6),(4,4),(5,6),(6,5),(6,4),(5,4),(7,1),(7,7),(8,1),(9,3),(9,6),(10,1),(10,10),(12,4),(12,1),(15,3),(11,1),(11,4),(21,10),(22,3),(24,4),(18,10),(14,4),(3,6),(5,6),(13,3),(13,5),(19,15),(19,5),(20,4),(25,12),(25,15),(26,15),(23,3);
/*!40000 ALTER TABLE `movie_categorys` ENABLE KEYS */;
UNLOCK TABLES;

--
-- Table structure for table `nation`
--

DROP TABLE IF EXISTS `nation`;
/*!40101 SET @saved_cs_client     = @@character_set_client */;
/*!50503 SET character_set_client = utf8mb4 */;
CREATE TABLE `nation` (
  `id` bigint NOT NULL AUTO_INCREMENT,
  `name` varchar(255) DEFAULT NULL,
  PRIMARY KEY (`id`)
) ENGINE=MyISAM AUTO_INCREMENT=12 DEFAULT CHARSET=utf8mb4 COLLATE=utf8mb4_0900_ai_ci;
/*!40101 SET character_set_client = @saved_cs_client */;

--
-- Dumping data for table `nation`
--

LOCK TABLES `nation` WRITE;
/*!40000 ALTER TABLE `nation` DISABLE KEYS */;
INSERT INTO `nation` VALUES (1,'Việt Nam'),(2,'Trung Quốc'),(3,'Hàn Quốc'),(4,'Thái Lan'),(5,'Hồng Kông'),(6,'Âu-Mỹ'),(7,'Đài Loan'),(8,'Nhật Bản'),(9,'Ấn Độ'),(10,'Canada'),(11,'Khác');
/*!40000 ALTER TABLE `nation` ENABLE KEYS */;
UNLOCK TABLES;

--
-- Table structure for table `packed_movie`
--

DROP TABLE IF EXISTS `packed_movie`;
/*!40101 SET @saved_cs_client     = @@character_set_client */;
/*!50503 SET character_set_client = utf8mb4 */;
CREATE TABLE `packed_movie` (
  `id` bigint NOT NULL AUTO_INCREMENT,
  `name` varchar(255) DEFAULT NULL,
  `price` double DEFAULT NULL,
  PRIMARY KEY (`id`)
) ENGINE=MyISAM AUTO_INCREMENT=4 DEFAULT CHARSET=utf8mb4 COLLATE=utf8mb4_0900_ai_ci;
/*!40101 SET character_set_client = @saved_cs_client */;

--
-- Dumping data for table `packed_movie`
--

LOCK TABLES `packed_movie` WRITE;
/*!40000 ALTER TABLE `packed_movie` DISABLE KEYS */;
INSERT INTO `packed_movie` VALUES (1,'Cao cấp',540000),(2,'Tiêu chuẩn',285000),(3,'Cơ bản',100000);
/*!40000 ALTER TABLE `packed_movie` ENABLE KEYS */;
UNLOCK TABLES;

--
-- Table structure for table `role`
--

DROP TABLE IF EXISTS `role`;
/*!40101 SET @saved_cs_client     = @@character_set_client */;
/*!50503 SET character_set_client = utf8mb4 */;
CREATE TABLE `role` (
  `id` bigint NOT NULL AUTO_INCREMENT,
  `name` varchar(255) DEFAULT NULL,
  PRIMARY KEY (`id`)
) ENGINE=MyISAM AUTO_INCREMENT=3 DEFAULT CHARSET=utf8mb4 COLLATE=utf8mb4_0900_ai_ci;
/*!40101 SET character_set_client = @saved_cs_client */;

--
-- Dumping data for table `role`
--

LOCK TABLES `role` WRITE;
/*!40000 ALTER TABLE `role` DISABLE KEYS */;
INSERT INTO `role` VALUES (1,'ROLE_CUSTOMER'),(2,'ROLE_ADMIN');
/*!40000 ALTER TABLE `role` ENABLE KEYS */;
UNLOCK TABLES;

--
-- Table structure for table `ticket`
--

DROP TABLE IF EXISTS `ticket`;
/*!40101 SET @saved_cs_client     = @@character_set_client */;
/*!50503 SET character_set_client = utf8mb4 */;
CREATE TABLE `ticket` (
  `id` bigint NOT NULL AUTO_INCREMENT,
  `date_end` varchar(255) DEFAULT NULL,
  `date_start` varchar(255) DEFAULT NULL,
  `status` bit(1) NOT NULL,
  `account_id` bigint DEFAULT NULL,
  `movie_id` bigint DEFAULT NULL,
  PRIMARY KEY (`id`),
  KEY `FKdn3ugkxwosr8ksfxcjfow04b0` (`account_id`),
  KEY `FK76th994c74fm9ohowlu53yfpx` (`movie_id`)
) ENGINE=MyISAM AUTO_INCREMENT=392 DEFAULT CHARSET=utf8mb4 COLLATE=utf8mb4_0900_ai_ci;
/*!40101 SET character_set_client = @saved_cs_client */;

--
-- Dumping data for table `ticket`
--

LOCK TABLES `ticket` WRITE;
/*!40000 ALTER TABLE `ticket` DISABLE KEYS */;
INSERT INTO `ticket` VALUES (356,NULL,NULL,_binary '\0',1,22),(360,NULL,NULL,_binary '\0',1,10),(374,NULL,NULL,_binary '\0',1,24),(365,NULL,NULL,_binary '\0',1,14),(366,NULL,NULL,_binary '\0',3,24),(367,NULL,NULL,_binary '\0',3,22),(368,NULL,NULL,_binary '\0',2,22),(369,NULL,NULL,_binary '\0',1,26),(370,NULL,NULL,_binary '\0',4,6),(372,NULL,NULL,_binary '\0',4,23),(375,NULL,NULL,_binary '\0',1,3),(377,NULL,NULL,_binary '\0',1,6),(378,NULL,NULL,_binary '\0',1,11),(379,NULL,NULL,_binary '\0',2,6),(390,NULL,NULL,_binary '\0',2,15),(391,NULL,NULL,_binary '\0',4,21);
/*!40000 ALTER TABLE `ticket` ENABLE KEYS */;
UNLOCK TABLES;

--
-- Table structure for table `type_movie`
--

DROP TABLE IF EXISTS `type_movie`;
/*!40101 SET @saved_cs_client     = @@character_set_client */;
/*!50503 SET character_set_client = utf8mb4 */;
CREATE TABLE `type_movie` (
  `id` bigint NOT NULL AUTO_INCREMENT,
  PRIMARY KEY (`id`)
) ENGINE=MyISAM DEFAULT CHARSET=utf8mb4 COLLATE=utf8mb4_0900_ai_ci;
/*!40101 SET character_set_client = @saved_cs_client */;

--
-- Dumping data for table `type_movie`
--

LOCK TABLES `type_movie` WRITE;
/*!40000 ALTER TABLE `type_movie` DISABLE KEYS */;
/*!40000 ALTER TABLE `type_movie` ENABLE KEYS */;
UNLOCK TABLES;
/*!40103 SET TIME_ZONE=@OLD_TIME_ZONE */;

/*!40101 SET SQL_MODE=@OLD_SQL_MODE */;
/*!40014 SET FOREIGN_KEY_CHECKS=@OLD_FOREIGN_KEY_CHECKS */;
/*!40014 SET UNIQUE_CHECKS=@OLD_UNIQUE_CHECKS */;
/*!40101 SET CHARACTER_SET_CLIENT=@OLD_CHARACTER_SET_CLIENT */;
/*!40101 SET CHARACTER_SET_RESULTS=@OLD_CHARACTER_SET_RESULTS */;
/*!40101 SET COLLATION_CONNECTION=@OLD_COLLATION_CONNECTION */;
/*!40111 SET SQL_NOTES=@OLD_SQL_NOTES */;

-- Dump completed on 2023-10-06 14:04:08
